open,high,low,last,change,bid,ask,volume,openInterest,premium,time,strike,type,impliedVolatility,midprice,smoothed_midprice
0.0,22.4,22.4,22.4,0.41,19.3,23.49,0.0,179.0,22400.0,02/03/25,50.0,call,0.8278666133126439,21.395,19.17644997026008
0.0,20.41,20.41,20.41,0.4,17.56,21.26,0.0,195.0,20410.0,02/03/25,52.0,call,0.7612371515464423,19.41,18.9510352995107
0.0,19.92,19.92,19.92,0.4,17.12,20.71,0.0,300.0,19920.0,02/03/25,52.5,call,0.7460956816048617,18.915,18.521023492675383
0.0,19.42,19.42,19.42,0.4,16.69,20.16,0.0,315.0,19420.0,02/03/25,53.0,call,0.7293574131846605,18.425,17.9202711311868
0.0,18.44,18.44,18.44,0.41,15.84,19.04,0.0,50.0,18440.0,02/03/25,54.0,call,0.6993825816839853,17.439999999999998,17.185495452847686
0.0,17.45,17.45,17.45,0.4,14.98,17.93,0.0,6.0,17450.0,02/03/25,55.0,call,0.6680252818616139,16.455,16.350041079649067
0.0,16.96,16.96,16.96,0.4,15.98,16.1,0.0,1.0,16960.0,02/03/25,55.5,call,0.6531970623254226,16.04,15.444266482067697
0.0,16.47,16.47,16.47,0.4,15.5,15.61,0.0,1.0,16470.0,02/03/25,56.0,call,0.6383963673957083,15.555,14.499474602685789
0.0,13.56,13.56,13.56,0.39,12.61,12.71,0.0,11.0,13560.0,02/03/25,59.0,call,0.5539291236821989,12.66,13.550399159347087
0.0,12.6,12.6,12.6,0.38,11.66,11.76,0.0,108.0,12600.0,02/03/25,60.0,call,0.5268549622333696,11.71,12.63261121561446
0.0,12.12,12.12,12.12,0.37,11.19,11.29,0.0,1.0,12120.0,02/03/25,60.5,call,0.5132150617559248,11.239999999999998,11.776001242714315
0.0,11.65,11.65,11.65,0.37,10.73,10.83,0.0,6.0,11650.0,02/03/25,61.0,call,0.5007403163676343,10.780000000000001,10.998614951498933
0.0,10.72,10.72,10.72,0.37,9.81,9.91,0.0,17.0,10720.0,02/03/25,62.0,call,0.4765745821433766,9.86,10.3045813267584
0.0,10.25,10.25,10.25,0.36,9.37,9.45,0.0,4.0,10250.0,02/03/25,62.5,call,0.463654235936388,9.41,9.686785698191139
0.0,9.8,9.8,9.8,0.36,8.93,9.0,0.0,6.0,9800.0,02/03/25,63.0,call,0.45286263903783475,8.965,9.131888499942963
0.0,9.34,9.34,9.34,0.35,8.48,8.56,0.0,10.0,9340.0,02/03/25,63.5,call,0.44069358608913106,8.52,8.625156199820484
0.0,8.89,8.89,8.89,0.34,8.04,8.12,1.0,23.0,8890.0,02/03/25,64.0,call,0.4293981475139212,8.079999999999998,8.153646891118958
0.0,8.45,8.45,8.45,0.34,7.61,7.69,0.0,3.0,8450.0,02/03/25,64.5,call,0.41889666532286346,7.65,7.707450380702154
0.0,8.02,8.02,8.02,0.33,7.2,7.27,2.0,130.0,8020.0,02/03/25,65.0,call,0.4091107500592652,7.234999999999999,7.279777121224807
0.0,7.59,7.59,7.59,0.32,6.78,6.86,0.0,4.0,7590.0,02/03/25,65.5,call,0.3989393812645738,6.82,6.8664938118898045
0.0,7.17,7.17,7.17,0.31,6.38,6.46,0.0,10.0,7170.0,02/03/25,66.0,call,0.38937693339440355,6.42,6.46547167554014
5.87,5.87,5.87,5.87,-0.88,5.99,6.06,1.0,437.0,5870.0,03:38 ET,66.5,call,0.29054928217986886,6.025,6.075935711294063
5.82,6.35,5.82,6.35,0.29,5.61,5.68,3.0,604.0,6350.0,02/03/25,67.0,call,0.37082502793223276,5.645,5.697830964830433
5.16,5.16,5.16,5.16,-0.8,5.24,5.31,1.0,176.0,5160.0,02:39 ET,67.5,call,0.2858490730935821,5.275,5.3315573598995325
0.0,5.58,5.58,5.58,0.27,4.89,4.95,29.0,1967.0,5580.0,02/03/25,68.0,call,0.35487022481696695,4.92,4.97768322197754
6.19,6.19,4.82,5.21,0.26,4.54,4.61,4.0,313.0,5210.0,02/03/25,68.5,call,0.34733211675387066,4.575,4.6368091746674205
4.22,4.3,4.16,4.16,-0.7,4.21,4.28,3.0,1104.0,4160.0,02:38 ET,69.0,call,0.27745892160417523,4.245,4.309474067895761
3.87,3.87,3.87,3.87,-0.64,3.9,3.96,5.0,468.0,3870.0,04:12 ET,69.5,call,0.27653383301181644,3.9299999999999997,3.996131122280337
0.0,4.18,4.18,4.18,0.22,3.6,3.65,5.0,4040.0,4180.0,02/03/25,70.0,call,0.3275498573390414,3.625,3.697102842912973
3.47,3.47,3.33,3.33,-0.54,3.33,3.37,6.0,798.0,3330.0,02:27 ET,70.5,call,0.27491950536379417,3.35,3.4125766915576063
4.43,4.43,3.57,3.57,0.2,3.06,3.1,4.0,770.0,3570.0,02/03/25,71.0,call,0.31700348384323657,3.08,3.142626639201925
3.98,3.98,3.28,3.28,0.18,2.8,2.84,16.0,1488.0,3280.0,02/03/25,71.5,call,0.3116755538837657,2.82,2.8872489022490724
2.75,2.75,2.5,2.59,-0.42,2.56,2.6,17.0,1811.0,2590.0,02:27 ET,72.0,call,0.27038671177740203,2.58,2.646394295633092
2.35,2.35,2.21,2.21,-0.55,2.34,2.37,58.0,2047.0,2210.0,03:07 ET,72.5,call,0.2548686520857034,2.355,2.41998175797716
2.27,2.28,2.07,2.07,-0.46,2.13,2.16,44.0,2971.0,2070.0,02:04 ET,73.0,call,0.2593583075648155,2.145,2.2078976669213453
2.57,2.8,2.16,2.31,0.12,1.93,1.96,220.0,960.0,2310.0,02/03/25,73.5,call,0.29719431558005077,1.9449999999999998,2.0099864313014213
1.83,1.83,1.68,1.68,-0.42,1.75,1.78,21.0,888.0,1680.0,23:08 ET,74.0,call,0.2551701359283271,1.7650000000000001,1.8260406997982728
2.27,2.52,1.69,1.91,0.09,1.58,1.61,146.0,700.0,1910.0,02/03/25,74.5,call,0.29140143974903443,1.5950000000000002,1.6557904815305478
1.48,1.49,1.37,1.45,-0.28,1.43,1.45,22.0,7714.0,1450.0,04:39 ET,75.0,call,0.26171854858481797,1.44,1.4988875884114436
2.02,2.09,1.41,1.57,0.08,1.28,1.31,659.0,1339.0,1570.0,02/03/25,75.5,call,0.28701755567091314,1.295,1.3548888121286502
1.26,1.26,1.17,1.17,-0.25,1.16,1.18,92.0,4983.0,1170.0,02:00 ET,76.0,call,0.2594273265648257,1.17,1.223246613705197
1.0,1.0,1.0,1.0,-0.28,1.04,1.07,2.0,730.0,1000.0,04:30 ET,76.5,call,0.253211645760903,1.0550000000000002,1.1033160971571783
0.97,0.97,0.9,0.91,-0.24,0.94,0.96,105.0,4638.0,910.0,03:02 ET,77.0,call,0.25460057017110144,0.95,0.994380651963438
0.82,0.82,0.82,0.82,-0.22,0.84,0.86,25.0,1808.0,820.0,03:02 ET,77.5,call,0.2550664467959927,0.85,0.8956900087652736
0.8,0.8,0.77,0.77,-0.16,0.76,0.78,25.0,2413.0,770.0,23:07 ET,78.0,call,0.25961929649734194,0.77,0.8064955705823296
0.7,0.7,0.7,0.7,-0.14,0.68,0.7,35.0,872.0,700.0,23:07 ET,78.5,call,0.2609607805284798,0.69,0.7260777325128072
1.03,1.09,0.76,0.76,0.01,0.61,0.63,964.0,2613.0,760.0,02/03/25,79.0,call,0.27904077707146546,0.62,0.6537596002439922
0.93,1.01,0.64,0.68,0.0,0.55,0.57,949.0,1793.0,680.0,02/03/25,79.5,call,0.27822278309895415,0.56,0.5889071564039476
0.54,0.54,0.5,0.5,-0.11,0.49,0.51,51.0,10010.0,500.0,02:04 ET,80.0,call,0.2611240636043139,0.5,0.5309198942728095
0.44,0.44,0.44,0.44,-0.11,0.44,0.47,18.0,464.0,440.0,04:27 ET,80.5,call,0.2602718510510564,0.45499999999999996,0.47921531561860314
0.45,0.45,0.45,0.45,-0.05,0.4,0.42,37.0,1528.0,450.0,18:25 ET,81.0,call,0.27074467623456155,0.41000000000000003,0.4332144783380422
0.72,0.72,0.44,0.45,-0.03,0.36,0.38,254.0,373.0,450.0,02/03/25,81.5,call,0.27939465097060356,0.37,0.392336282096004
0.34,0.35,0.34,0.35,-0.06,0.33,0.35,20.0,5290.0,350.0,01:41 ET,82.0,call,0.26920579041154125,0.33999999999999997,0.3560043470271953
0.39,0.39,0.37,0.37,-0.03,0.3,0.32,80.0,458.0,370.0,02/03/25,82.5,call,0.28128017973025293,0.31,0.32366523988403906
0.3,0.3,0.3,0.3,-0.04,0.27,0.29,36.0,2991.0,300.0,18:57 ET,83.0,call,0.2746377932409421,0.28,0.2948135813094205
0.46,0.5,0.3,0.31,-0.03,0.25,0.27,106.0,462.0,310.0,02/03/25,83.5,call,0.2845672590596133,0.26,0.26901364222952207
0.25,0.26,0.23,0.23,-0.05,0.23,0.24,87.0,1954.0,230.0,04:42 ET,84.0,call,0.2728983877336358,0.235,0.2459104129887964
0.23,0.23,0.22,0.22,-0.03,0.21,0.22,6.0,371.0,220.0,04:19 ET,84.5,call,0.27744852296292266,0.215,0.22522530328949392
0.22,0.22,0.2,0.2,-0.03,0.19,0.21,39.0,9130.0,200.0,02:04 ET,85.0,call,0.2788930067449036,0.2,0.20673858613968468
0.24,0.24,0.22,0.22,-0.04,0.17,0.19,129.0,374.0,220.0,02/03/25,85.5,call,0.29158386710766165,0.18,0.1902605712187973
0.17,0.17,0.17,0.17,-0.03,0.16,0.17,1.0,1806.0,170.0,04:39 ET,86.0,call,0.2832960856899041,0.165,0.17560486649228005
0.26,0.28,0.18,0.19,-0.03,0.15,0.17,158.0,540.0,190.0,02/03/25,86.5,call,0.2963922701858305,0.16,0.16257221666643748
0.15,0.15,0.15,0.15,-0.02,0.14,0.15,1.0,1270.0,150.0,03:01 ET,87.0,call,0.2895161897928171,0.14500000000000002,0.15095075085551168
0.27,0.27,0.15,0.16,-0.04,0.13,0.14,4.0,365.0,160.0,02/03/25,87.5,call,0.29953332366505847,0.135,0.1405330345402852
0.14,0.14,0.13,0.13,-0.02,0.12,0.14,10.0,1777.0,130.0,02:15 ET,88.0,call,0.29447979857307033,0.13,0.13113825713999142
0.13,0.13,0.13,0.13,-0.01,0.11,0.13,3.0,234.0,130.0,21:00 ET,88.5,call,0.300647285323348,0.12,0.12262900889948004
0.12,0.12,0.11,0.11,-0.02,0.1,0.12,2.0,986.0,110.0,04:17 ET,89.0,call,0.2979902788836113,0.11,0.11491580930948322
0.0,0.12,0.12,0.12,-0.04,0.1,0.11,0.0,343.0,120.0,02/03/25,89.5,call,0.30847487058840944,0.10500000000000001,0.10794538153641446
0.1,0.11,0.1,0.1,-0.02,0.09,0.11,13.0,4294.0,100.0,04:37 ET,90.0,call,0.3049210508721195,0.1,0.10167973961661123
0.12,0.12,0.11,0.11,-0.03,0.08,0.1,9.0,169.0,110.0,02/03/25,90.5,call,0.3156208719526767,0.09,0.0960736047001355
0.16,0.16,0.1,0.1,-0.04,0.08,0.1,10.0,693.0,100.0,02/03/25,91.0,call,0.31638793266030485,0.09,0.09105865164635624
0.1,0.1,0.09,0.09,-0.01,0.08,0.09,3.0,507.0,90.0,20:24 ET,91.5,call,0.3166548974687755,0.08499999999999999,0.08654016720280933
0.13,0.13,0.09,0.09,-0.03,0.07,0.09,5.0,562.0,90.0,02/03/25,92.0,call,0.32219725729179066,0.08,0.08240807502088113
0.0,0.09,0.09,0.09,-0.03,0.07,0.09,1.0,130.0,90.0,02/03/25,92.5,call,0.3276924280670923,0.08,0.0785572598238845
0.08,0.08,0.08,0.08,0.0,0.07,0.08,4.0,957.0,80.0,20:07 ET,93.0,call,0.3271479087455917,0.07500000000000001,0.07490970505577266
0.0,0.08,0.08,0.08,-0.03,0.06,0.08,0.0,172.0,80.0,02/03/25,93.5,call,0.33248241273045187,0.07,0.07142710144800736
0.08,0.08,0.08,0.08,0.0,0.06,0.08,2.0,1187.0,80.0,23:50 ET,94.0,call,0.33777341353148116,0.07,0.0681064570687165
0.13,0.13,0.07,0.07,-0.03,0.05,0.07,1.0,557.0,70.0,02/03/25,94.5,call,0.3363029124746794,0.060000000000000005,0.06496258900917458
0.1,0.11,0.07,0.07,-0.03,0.05,0.07,8.0,2994.0,70.0,02/03/25,95.0,call,0.3414360381261212,0.060000000000000005,0.062008152844858
0.0,0.07,0.07,0.07,-0.02,0.05,0.07,0.0,470.0,70.0,02/03/25,95.5,call,0.3465289730492172,0.060000000000000005,0.0592415424791091
0.07,0.07,0.07,0.07,0.01,0.05,0.07,14.0,809.0,70.0,04:06 ET,96.0,call,0.3515824581696201,0.060000000000000005,0.0566485754505302
0.0,0.06,0.06,0.06,-0.03,0.04,0.06,0.0,86.0,60.0,02/03/25,96.5,call,0.34889915539229205,0.05,0.05421244829268522
0.0,0.06,0.06,0.06,-0.02,0.04,0.06,1.0,72.0,60.0,02/03/25,97.0,call,0.3537976422242172,0.05,0.05192305753020997
0.08,0.08,0.06,0.06,-0.02,0.04,0.06,1.0,107.0,60.0,02/03/25,97.5,call,0.3586596052225669,0.05,0.04978095239349082
0.0,0.05,0.05,0.05,-0.03,0.04,0.06,2.0,606.0,50.0,02/03/25,98.0,call,0.35461736387427667,0.05,0.04779653048348369
0.0,0.05,0.05,0.05,-0.02,0.03,0.06,1.0,294.0,50.0,02/03/25,98.5,call,0.3593220253271212,0.045,0.04598178324803573
0.06,0.06,0.05,0.05,-0.02,0.03,0.05,2.0,97.0,50.0,02/03/25,99.0,call,0.3639928791387879,0.04,0.04433591455489378
0.0,0.05,0.05,0.05,-0.02,0.03,0.05,0.0,360.0,50.0,02/03/25,99.5,call,0.36863047567571977,0.04,0.042829931036882006
0.07,0.07,0.04,0.04,-0.01,0.04,0.05,113.0,3459.0,50.0,04:47 ET,100.0,call,0.3626736402229181,0.045,0.04140197178123577
0.04,0.04,0.04,0.04,0.0,0.03,0.05,5.0,85.0,40.0,02:27 ET,100.5,call,0.36714971645105277,0.04,0.039974297411508215
0.0,0.04,0.04,0.04,-0.02,0.03,0.05,2.0,187.0,40.0,02/03/25,101.0,call,0.3715950397905409,0.04,0.038488080413596124
0.04,0.04,0.04,0.04,0.0,0.03,0.05,40.0,323.0,40.0,01:29 ET,101.5,call,0.3760100803166935,0.04,0.0369366010363992
0.0,0.04,0.04,0.04,-0.02,0.03,0.04,0.0,169.0,40.0,02/03/25,102.0,call,0.38039529524251986,0.035,0.03537723442251252
0.0,0.04,0.04,0.04,-0.01,0.02,0.04,0.0,149.0,40.0,02/03/25,102.5,call,0.3847511294784328,0.03,0.03391159597942208
0.07,0.07,0.04,0.04,-0.01,0.02,0.04,11.0,408.0,40.0,02/03/25,103.0,call,0.38907801615332926,0.03,0.03264461366538217
0.04,0.04,0.04,0.04,-0.01,0.02,0.04,1.0,101.0,40.0,02/03/25,103.5,call,0.39337637710709866,0.03,0.031642691761193935
0.0,0.03,0.03,0.03,-0.02,0.02,0.04,0.0,108.0,30.0,02/03/25,104.0,call,0.38415125467687883,0.03,0.030911798901196566
0.0,0.03,0.03,0.03,-0.02,0.02,0.04,0.0,151.0,30.0,02/03/25,104.5,call,0.3882846634253666,0.03,0.03039788948868672
0.0,0.03,0.03,0.03,-0.02,0.02,0.04,15.0,1537.0,30.0,02/03/25,105.0,call,0.39239172223730384,0.03,0.030005141076058214
0.0,0.03,0.03,0.03,-0.02,0.02,0.04,0.0,22.0,30.0,02/03/25,105.5,call,0.3964727943683489,0.03,0.029618707763470063
0.03,0.03,0.03,0.03,0.0,0.02,0.04,1.0,137.0,30.0,23:27 ET,106.0,call,0.40052823438515667,0.03,0.029127881498891398
0.03,0.03,0.03,0.03,-0.01,0.02,0.04,1.0,54.0,30.0,02/03/25,106.5,call,0.40455838849056885,0.03,0.02844933461839873
0.0,0.03,0.03,0.03,-0.01,0.02,0.04,0.0,210.0,30.0,02/03/25,107.0,call,0.4085635948276854,0.03,0.027549936097563305
0.0,0.03,0.03,0.03,-0.01,0.02,0.04,0.0,267.0,30.0,02/03/25,107.5,call,0.4125441837746358,0.03,0.026460959139416994
0.0,0.03,0.03,0.03,-0.01,0.01,0.04,0.0,691.0,30.0,02/03/25,108.0,call,0.4165004782188954,0.025,0.025273580947942135
0.0,0.03,0.03,0.03,-0.01,0.01,0.03,0.0,118.0,30.0,02/03/25,108.5,call,0.42043279382034004,0.02,0.024109383389438462
0.0,0.03,0.03,0.03,-0.01,0.01,0.03,0.0,561.0,30.0,02/03/25,109.0,call,0.4243414392601125,0.02,0.023077097472642975
0.0,0.03,0.03,0.03,-0.01,0.01,0.03,0.0,2.0,30.0,02/03/25,109.5,call,0.4282267164788161,0.02,0.022237934450178146
0.0,0.03,0.03,0.03,0.0,0.02,0.03,2.0,358.0,30.0,02/03/25,110.0,call,0.43208892090202305,0.025,0.021597213334908306
0.0,0.02,0.02,0.02,-0.01,0.01,0.03,0.0,31.0,20.0,02/03/25,110.5,call,0.41695492098048687,0.02,0.021122122726123335
0.0,0.02,0.02,0.02,-0.01,0.01,0.03,0.0,327.0,20.0,02/03/25,111.0,call,0.42064369720099887,0.02,0.020769773835899365
0.0,0.02,0.02,0.02,-0.01,0.01,0.03,0.0,11.0,20.0,02/03/25,111.5,call,0.4243112533753311,0.02,0.020506949474064316
0.0,0.02,0.02,0.02,-0.01,0.01,0.03,0.0,34.0,20.0,02/03/25,112.0,call,0.4279578452116972,0.02,0.020314313125858668
0.0,0.02,0.02,0.02,-0.01,0.01,0.03,0.0,45.0,20.0,02/03/25,112.5,call,0.4315837232820628,0.02,0.020180151646427343
0.0,0.02,0.02,0.02,-0.01,0.01,0.03,0.0,126.0,20.0,02/03/25,113.0,call,0.4351891331778363,0.02,0.020093358512812874
0.02,0.02,0.02,0.02,-0.01,0.01,0.03,50.0,56.0,20.0,02/03/25,113.5,call,0.43877431565978386,0.02,0.020040333378379887
0.0,0.02,0.02,0.02,-0.01,0.01,0.03,0.0,30.0,20.0,02/03/25,114.0,call,0.44233950680165074,0.02,0.020004642145378525
0.0,0.02,0.02,0.02,-0.01,0.01,0.03,0.0,31.0,20.0,02/03/25,114.5,call,0.4458849381273102,0.02,0.019966431389261605
0.0,0.02,0.02,0.02,-0.01,0.01,0.03,0.0,50.0,20.0,02/03/25,115.0,call,0.4494108367435718,0.02,0.01989891706345873
0.0,0.02,0.02,0.02,-0.01,0.01,0.03,0.0,173.0,20.0,02/03/25,115.5,call,0.45291742546563857,0.02,0.01976345510806632
0.0,0.02,0.02,0.02,-0.01,0.01,0.03,0.0,102.0,20.0,02/03/25,116.0,call,0.456404922939293,0.02,0.019507090247892083
0.0,0.02,0.02,0.02,-0.01,0.01,0.03,0.0,10.0,20.0,02/03/25,116.5,call,0.4598735437573112,0.02,0.019067932414559476
0.0,0.02,0.02,0.02,-0.01,0.01,0.03,0.0,174.0,20.0,02/03/25,117.0,call,0.46332349857195065,0.02,0.018391855940952866
0.0,0.02,0.02,0.02,0.0,0.01,0.03,0.0,56.0,20.0,02/03/25,117.5,call,0.46675499420108363,0.02,0.017457901535522357
0.0,0.02,0.02,0.02,0.0,0.01,0.03,0.0,38.0,20.0,02/03/25,118.0,call,0.47016823373500755,0.02,0.016301522290661338
0.0,0.02,0.02,0.02,0.0,0.0,0.03,0.0,240.0,20.0,02/03/25,118.5,call,0.4735634166333476,0.015,0.015019794323530986
0.0,0.02,0.02,0.02,0.0,0.0,0.02,0.0,132.0,20.0,02/03/25,119.0,call,0.47694073882231686,0.01,0.013752362318212094
0.0,0.01,0.01,0.01,-0.01,0.0,0.02,0.0,16.0,10.0,02/03/25,119.5,call,0.4489129467373081,0.01,0.012642043127353056
0.02,0.02,0.01,0.01,-0.01,0.0,0.02,22.0,619.0,10.0,02/03/25,120.0,call,0.4520826926489202,0.01,0.011793738324682458
0.0,0.01,0.01,0.01,-0.01,0.0,0.02,0.0,229.0,10.0,02/03/25,120.5,call,0.4552363038611741,0.01,0.011249352923621114
0.0,0.01,0.01,0.01,-0.01,0.0,0.02,0.0,60.0,10.0,02/03/25,121.0,call,0.4583739478328853,0.01,0.010986416309270018
0.0,0.01,0.01,0.01,-0.01,0.0,0.02,0.0,1.0,10.0,02/03/25,121.5,call,0.46149578923449097,0.01,0.010935796834717565
0.0,0.01,0.01,0.01,-0.01,0.0,0.02,0.0,5.0,10.0,02/03/25,122.0,call,0.46460199001597546,0.01,0.011006801756929665
0.0,0.01,0.01,0.01,-0.01,0.01,0.02,0.0,49.0,10.0,02/03/25,123.0,call,0.47076810430826166,0.015,0.01111174446490736
0.0,0.01,0.01,0.01,-0.01,0.0,0.02,0.0,3.0,10.0,02/03/25,123.5,call,0.4738283286979356,0.01,0.011183379772366648
0.0,0.01,0.01,0.01,-0.01,0.0,0.02,0.0,2.0,10.0,02/03/25,124.0,call,0.4768735343450432,0.01,0.01118502983625506
0.0,0.01,0.01,0.01,-0.01,0.01,0.02,0.0,82.0,10.0,02/03/25,125.0,call,0.4829194842200839,0.015,0.011113169669743496
0.0,0.01,0.01,0.01,-0.01,0.0,0.02,0.0,27.0,10.0,02/03/25,125.5,call,0.4859205200126245,0.01,0.010992558366197992
0.0,0.01,0.01,0.01,-0.01,0.0,0.02,0.0,30.0,10.0,02/03/25,126.0,call,0.488907120299035,0.01,0.010864028354344898
0.0,0.01,0.01,0.01,-0.01,0.0,0.02,0.0,7.0,10.0,02/03/25,126.5,call,0.49187942525856054,0.01,0.010766418334962644
0.0,0.01,0.01,0.01,-0.01,0.0,0.02,0.0,250.0,10.0,02/03/25,127.0,call,0.4948375729192554,0.01,0.010719334750417338
0.0,0.01,0.01,0.01,-0.01,0.0,0.02,0.0,1.0,10.0,02/03/25,127.5,call,0.49778169920541937,0.01,0.010713628193369656
0.0,0.01,0.01,0.01,-0.01,0.0,0.02,0.0,156.0,10.0,02/03/25,128.0,call,0.5007119379835172,0.01,0.010715383349683425
0.01,0.01,0.01,0.01,0.0,0.01,0.02,7.0,343.0,10.0,23:27 ET,130.0,call,0.5122966257947877,0.015,0.010681223078855523
0.0,0.01,0.01,0.01,0.0,0.0,0.02,0.0,164.0,10.0,02/03/25,132.5,call,0.5264802739237705,0.01,0.010575105308428123
0.0,0.01,0.01,0.01,0.0,0.0,0.02,0.0,618.0,10.0,02/03/25,135.0,call,0.5403475206884261,0.01,0.010376371717383369
0.0,0.01,0.01,0.01,0.0,0.0,0.02,0.0,59.0,10.0,02/03/25,137.5,call,0.5539122216854576,0.01,0.010076400162059986
0.0,0.01,0.01,0.01,0.0,0.0,0.02,0.0,82.0,10.0,02/03/25,140.0,call,0.567187308009024,0.01,0.009671334098366402
0.0,0.01,0.01,0.01,0.0,0.0,0.02,0.0,75.0,10.0,02/03/25,142.5,call,0.5801848712197197,0.01,0.009159902732632936
0.0,0.01,0.01,0.01,0.0,0.0,0.02,0.0,404.0,10.0,02/03/25,145.0,call,0.5929162381478769,0.01,0.008551438764632813
0.0,0.01,0.01,0.01,0.0,0.0,0.02,0.0,30.0,10.0,02/03/25,147.5,call,0.605392037051811,0.01,0.007876165736615415
0.01,0.01,0.01,0.01,0.0,0.0,0.01,45.0,92.0,10.0,02/03/25,150.0,call,0.6176222563754822,0.005,0.007186532503324568
0.0,0.01,0.01,0.01,0.0,0.0,0.01,0.0,45.0,10.0,02/03/25,152.5,call,0.6296162971320144,0.005,0.006545935360213489
0.0,0.01,0.01,0.01,0.0,0.0,0.01,0.0,51.0,10.0,02/03/25,155.0,call,0.6413830197737246,0.005,0.0060086908042143745
0.0,0.01,0.01,0.01,0.0,0.0,0.01,0.0,37.0,10.0,02/03/25,160.0,call,0.6642674979645624,0.005,0.0056036247405207885
0.0,0.01,0.01,0.01,0.0,0.0,0.01,0.0,120.0,10.0,02/03/25,162.5,call,0.6754006298341139,0.005,0.00532946637546306
0.0,0.01,0.01,0.01,0.0,0.0,0.01,0.0,149.0,10.0,02/03/25,165.0,call,0.6863372614071597,0.005,0.005162642902815399
0.0,0.01,0.01,0.01,0.0,0.0,0.01,0.0,25.0,10.0,02/03/25,167.5,call,0.6970841048994197,0.005,0.005070084863831986
0.0,0.01,0.01,0.01,0.0,0.0,0.01,0.0,186.0,10.0,02/03/25,170.0,call,0.7076475307816735,0.005,0.005018993849701527
0.0,0.01,0.01,0.01,0.0,0.0,0.01,0.0,99.0,10.0,02/03/25,172.5,call,0.7180335910964454,0.005,0.004981006150298473
0.0,0.01,0.01,0.01,0.0,0.0,0.01,0.0,563.0,10.0,02/03/25,175.0,call,0.7282480407609818,0.005,0.004929915136168014
0.0,0.01,0.01,0.01,0.0,0.0,0.01,0.0,10.0,10.0,02/03/25,177.5,call,0.7382963570699999,0.005,0.004837803210612328
0.0,0.01,0.01,0.01,0.0,0.0,0.01,0.0,32.0,10.0,02/03/25,180.0,call,0.7481837575823126,0.005,0.004672357628909725
0.0,0.01,0.01,0.01,0.0,0.0,0.01,0.0,60.0,10.0,02/03/25,185.0,call,0.7674954800689915,0.005,0.004402316809366891
0.0,0.01,0.01,0.01,0.0,0.0,0.01,0.0,130.0,10.0,02/03/25,190.0,call,0.7862203467428158,0.005,0.004008876038312604
0.0,0.01,0.01,0.01,0.0,0.0,0.01,0.0,42.0,10.0,02/03/25,195.0,call,0.8043922665500602,0.005,0.0035004624936248907
0.0,0.01,0.01,0.01,0.0,0.0,0.01,0.0,36.0,10.0,02/03/25,200.0,call,0.8220422869213259,0.005,0.002923464195426305
0.0,0.01,0.01,0.01,0.0,0.0,0.0,0.0,7.0,10.0,02/03/25,20.5,put,1.0690917702539535,0.0,0.0023584943479960816
0.0,0.01,0.01,0.01,0.0,0.0,0.0,0.0,23.0,10.0,02/03/25,21.0,put,1.0489872316654305,0.0,0.0019001231626961242
0.0,0.01,0.01,0.01,0.0,0.0,0.0,0.0,1.0,10.0,02/03/25,21.5,put,1.029369062921191,0.0,0.0016265149810462236
0.0,0.01,0.01,0.01,0.0,0.0,0.0,0.0,2.0,10.0,02/03/25,23.5,put,0.955316985591042,0.0,0.001573305755751784
0.0,0.01,0.01,0.01,0.0,0.0,0.0,0.0,7.0,10.0,02/03/25,24.0,put,0.9378109851458326,0.0,0.0017248132217418878
0.0,0.01,0.01,0.01,0.0,0.0,0.0,0.0,6.0,10.0,02/03/25,24.5,put,0.9206729118462577,0.0,0.00202806460322559
0.0,0.01,0.01,0.01,0.0,0.0,0.02,0.0,90.0,10.0,02/03/25,25.0,put,0.9038872214338675,0.01,0.002420625276561955
0.0,0.01,0.01,0.01,0.0,0.0,0.0,0.0,13.0,10.0,02/03/25,25.5,put,0.8874393124488837,0.0,0.002856477655256519
0.0,0.01,0.01,0.01,0.0,0.0,0.0,0.0,2.0,10.0,02/03/25,26.0,put,0.8713154513810735,0.0,0.003317055218764342
0.0,0.01,0.01,0.01,0.0,0.0,0.01,0.0,5.0,10.0,02/03/25,26.5,put,0.8555027050634262,0.005,0.003806313847295984
0.0,0.01,0.01,0.01,0.0,0.0,0.01,0.0,234.0,10.0,02/03/25,28.0,put,0.8098125824436487,0.005,0.0043384338954275715
0.0,0.01,0.01,0.01,0.0,0.0,0.01,0.0,785.0,10.0,02/03/25,30.0,put,0.7525805510733788,0.005,0.004927726467599142
0.0,0.01,0.01,0.01,0.0,0.0,0.01,0.0,29.0,10.0,02/03/25,30.5,put,0.7388693470354252,0.005,0.005580700463373431
0.0,0.01,0.01,0.01,0.0,0.0,0.01,0.0,357.0,10.0,02/03/25,31.0,put,0.725380403893762,0.005,0.006289104517443339
0.0,0.01,0.01,0.01,0.0,0.0,0.01,0.0,158.0,10.0,02/03/25,31.5,put,0.7121061924613724,0.005,0.0070228660699658465
0.0,0.01,0.01,0.01,0.0,0.0,0.02,0.0,128.0,10.0,02/03/25,32.0,put,0.6990395426475563,0.01,0.00773007432823195
0.0,0.01,0.01,0.01,0.0,0.0,0.02,0.0,232.0,10.0,02/03/25,32.5,put,0.6861736205468303,0.01,0.008347430770445925
0.0,0.01,0.01,0.01,0.0,0.0,0.02,0.0,194.0,10.0,02/03/25,33.0,put,0.6735019072932403,0.01,0.008821270584933993
0.0,0.01,0.01,0.01,0.0,0.0,0.02,0.0,38.0,10.0,02/03/25,33.5,put,0.6610181795186145,0.01,0.009128056510827695
0.0,0.01,0.01,0.01,0.0,0.0,0.02,0.0,431.0,10.0,02/03/25,34.0,put,0.6487164912683933,0.01,0.009285431000915074
0.0,0.01,0.01,0.01,0.0,0.0,0.02,0.0,94.0,10.0,02/03/25,34.5,put,0.6365911572453239,0.01,0.00934840996057297
0.0,0.01,0.01,0.01,0.0,0.0,0.02,0.0,85.0,10.0,02/03/25,35.0,put,0.6246367372633415,0.01,0.009390912719820763
0.0,0.01,0.01,0.01,0.0,0.0,0.01,0.0,125.0,10.0,02/03/25,35.5,put,0.6128480218057628,0.005,0.009482106456362755
0.0,0.01,0.01,0.01,0.0,0.0,0.02,0.0,147.0,10.0,02/03/25,36.0,put,0.601220018596718,0.01,0.009664385354171568
0.0,0.01,0.01,0.01,0.0,0.0,0.02,0.0,216.0,10.0,02/03/25,36.5,put,0.5897479400908142,0.01,0.00994454646176213
0.0,0.01,0.01,0.01,0.0,0.0,0.02,0.0,60.0,10.0,02/03/25,37.0,put,0.5784271918138081,0.01,0.010302756065922123
0.0,0.01,0.01,0.01,0.0,0.0,0.02,0.0,44.0,10.0,02/03/25,37.5,put,0.567253361476852,0.01,0.010715072943702305
0.01,0.01,0.01,0.01,0.0,0.01,0.02,5.0,605.0,10.0,02:27 ET,38.0,put,0.5562222088032859,0.015,0.011176649480288653
0.0,0.01,0.01,0.01,0.0,0.0,0.02,0.0,36.0,10.0,02/03/25,38.5,put,0.5453296560078756,0.01,0.011712606241177533
0.0,0.01,0.01,0.01,0.0,0.0,0.02,0.0,261.0,10.0,02/03/25,39.0,put,0.5345717788780031,0.01,0.012368520357976207
0.0,0.01,0.01,0.01,-0.01,0.0,0.02,0.0,114.0,10.0,02/03/25,39.5,put,0.5239447984059387,0.01,0.013187433207015714
0.0,0.01,0.01,0.01,-0.01,0.01,0.02,0.0,2351.0,10.0,02/03/25,40.0,put,0.5134450729292371,0.015,0.014186641966738236
0.0,0.01,0.01,0.01,-0.01,0.0,0.03,0.0,67.0,10.0,02/03/25,40.5,put,0.5030690907383195,0.015,0.015349706812421772
0.0,0.02,0.02,0.02,0.0,0.01,0.02,0.0,520.0,20.0,02/03/25,41.0,put,0.5301140927079121,0.015,0.016636003459985754
0.0,0.02,0.02,0.02,0.0,0.01,0.03,0.0,630.0,20.0,02/03/25,41.5,put,0.5193055382554513,0.02,0.01800052232213758
0.0,0.02,0.02,0.02,0.0,0.01,0.03,0.0,476.0,20.0,02/03/25,42.0,put,0.5086178644403057,0.02,0.01941115263964787
0.0,0.02,0.02,0.02,0.0,0.01,0.03,0.0,104.0,20.0,02/03/25,42.5,put,0.49804778387337184,0.02,0.02085457433331462
0.03,0.03,0.02,0.02,0.0,0.01,0.03,6.0,3677.0,20.0,02/03/25,43.0,put,0.4875921144984552,0.02,0.022332068903170424
0.0,0.02,0.02,0.02,-0.01,0.02,0.03,0.0,192.0,20.0,02/03/25,43.5,put,0.47724777387210787,0.025,0.02385360714231296
0.02,0.02,0.02,0.02,-0.01,0.02,0.03,3.0,254.0,20.0,02/03/25,44.0,put,0.46701177371786773,0.025,0.025437677685234413
0.0,0.03,0.03,0.03,0.0,0.02,0.04,0.0,86.0,30.0,02/03/25,44.5,put,0.4792092704357244,0.03,0.02711436494948625
0.0,0.03,0.03,0.03,0.0,0.02,0.03,2.0,989.0,30.0,02/03/25,45.0,put,0.4687632323374902,0.025,0.028926642879782003
0.0,0.03,0.03,0.03,0.0,0.02,0.04,0.0,75.0,30.0,02/03/25,45.5,put,0.4584207169048318,0.03,0.03092023000711154
0.0,0.03,0.03,0.03,-0.01,0.02,0.04,2.0,815.0,30.0,02/03/25,46.0,put,0.44817893149564225,0.03,0.03313009023701646
0.0,0.03,0.03,0.03,-0.01,0.03,0.04,1.0,142.0,30.0,02/03/25,46.5,put,0.4380351561881509,0.035,0.035569550006302283
0.05,0.05,0.03,0.03,-0.01,0.03,0.05,2.0,3325.0,30.0,02/03/25,47.0,put,0.427986739250476,0.04,0.03823384742058115
0.04,0.04,0.04,0.04,0.0,0.03,0.05,1.0,123.0,40.0,02/03/25,47.5,put,0.43369857807554474,0.04,0.04111249102162737
0.04,0.04,0.04,0.04,0.0,0.03,0.05,3.0,574.0,40.0,02:00 ET,48.0,put,0.4235242618005211,0.04,0.04420394187151087
0.0,0.04,0.04,0.04,-0.01,0.04,0.06,0.0,181.0,40.0,02/03/25,48.5,put,0.4134399281732015,0.05,0.047522479682931155
0.05,0.05,0.04,0.04,-0.01,0.04,0.06,4.0,624.0,40.0,02/03/25,49.0,put,0.4034430603885419,0.05,0.05109405463617367
0.0,0.05,0.05,0.05,-0.01,0.04,0.06,0.0,74.0,50.0,02/03/25,49.5,put,0.40570093536232715,0.05,0.05494624894907221
0.06,0.06,0.06,0.06,0.01,0.05,0.07,1.0,19380.0,60.0,01:41 ET,50.0,put,0.4060503350423835,0.060000000000000005,0.05909820213395947
0.0,0.06,0.06,0.06,0.0,0.05,0.07,107.0,257.0,60.0,02/03/25,50.5,put,0.39583849065635074,0.060000000000000005,0.06355784791862469
0.06,0.06,0.06,0.06,-0.01,0.06,0.08,66.0,593.0,60.0,02/03/25,51.0,put,0.38570714365146697,0.07,0.06832742699757816
0.0,0.06,0.06,0.06,-0.01,0.06,0.08,0.0,164.0,60.0,02/03/25,51.5,put,0.3756538242667221,0.07,0.0734188037748397
0.08,0.08,0.08,0.08,0.01,0.07,0.09,1.0,3047.0,80.0,00:20 ET,52.0,put,0.38211274401092304,0.08,0.07886781945277568
0.08,0.08,0.07,0.07,-0.01,0.07,0.09,3.0,2993.0,70.0,02/03/25,52.5,put,0.3641788996757044,0.08,0.08474593012702662
0.08,0.08,0.08,0.08,-0.01,0.08,0.1,26.0,655.0,80.0,02/03/25,53.0,put,0.3616669596096516,0.09,0.0911602075508258
0.0,0.09,0.09,0.09,-0.01,0.09,0.1,21.0,304.0,90.0,02/03/25,53.5,put,0.3583385491125222,0.095,0.09824553615974328
0.1,0.1,0.1,0.1,0.01,0.09,0.11,2.0,769.0,100.0,23:16 ET,54.0,put,0.3543347459033379,0.1,0.10614823344601779
0.0,0.1,0.1,0.1,-0.01,0.1,0.12,18.0,102.0,100.0,02/03/25,54.5,put,0.3440580223377861,0.11,0.11500762160927766
0.1,0.12,0.1,0.11,0.0,0.11,0.13,26.0,6517.0,110.0,04:17 ET,55.0,put,0.3394157949073884,0.12,0.12493888433639504
0.0,0.12,0.12,0.12,-0.01,0.12,0.14,108.0,546.0,120.0,02/03/25,55.5,put,0.33428782227448856,0.13,0.1360243629285285
0.12,0.14,0.12,0.12,-0.02,0.13,0.15,9.0,1470.0,120.0,02/03/25,56.0,put,0.32394055195016197,0.14,0.14832033017211263
0.16,0.16,0.16,0.16,0.02,0.15,0.17,6.0,458.0,160.0,02:08 ET,56.5,put,0.3312414419373853,0.16,0.16187966404209803
0.16,0.16,0.16,0.16,0.01,0.16,0.18,3.0,1946.0,160.0,22:59 ET,57.0,put,0.3205755315231271,0.16999999999999998,0.17678751893209044
0.18,0.18,0.16,0.16,-0.02,0.18,0.2,18.0,1620.0,160.0,02/03/25,57.5,put,0.3099592698204697,0.19,0.19319171853796593
0.21,0.21,0.21,0.21,0.04,0.19,0.21,2.0,2752.0,210.0,02:54 ET,58.0,put,0.316882705494817,0.2,0.21131605799133962
0.21,0.21,0.19,0.19,-0.02,0.21,0.23,5.0,635.0,190.0,02/03/25,58.5,put,0.29938528211382115,0.22,0.23144861777012465
0.22,0.25,0.21,0.21,-0.02,0.23,0.25,39.0,611.0,210.0,02/03/25,59.0,put,0.2949854187571904,0.24,0.2539149888306511
0.22,0.26,0.22,0.23,-0.03,0.26,0.28,67.0,427.0,230.0,02/03/25,59.5,put,0.28998943458696036,0.27,0.2790494713051759
0.31,0.31,0.31,0.31,0.06,0.28,0.3,1.0,24344.0,310.0,00:10 ET,60.0,put,0.29977630169672753,0.29000000000000004,0.3071787740924124
0.29,0.29,0.27,0.27,-0.04,0.31,0.33,68.0,451.0,270.0,02/03/25,60.5,put,0.27846124210554024,0.32,0.3386206524926905
0.38,0.38,0.38,0.38,0.08,0.35,0.37,3.0,3413.0,380.0,02:58 ET,61.0,put,0.2920632970318284,0.36,0.3736949627762677
0.32,0.35,0.31,0.33,-0.04,0.38,0.4,222.0,581.0,330.0,02/03/25,61.5,put,0.2695900546624293,0.39,0.4127448437700445
0.44,0.44,0.44,0.44,0.08,0.43,0.45,7.0,1622.0,440.0,02:47 ET,62.0,put,0.2797684877913064,0.44,0.45616084028146947
0.38,0.44,0.38,0.4,-0.05,0.47,0.49,364.0,943.0,400.0,02/03/25,62.5,put,0.2600921659131589,0.48,0.5044014489269462
0.53,0.55,0.53,0.55,0.11,0.52,0.54,31.0,1863.0,550.0,02:03 ET,63.0,put,0.2738669866317327,0.53,0.5580004288496369
0.53,0.53,0.53,0.53,0.04,0.58,0.6,1.0,973.0,530.0,18:40 ET,63.5,put,0.2578643414502735,0.59,0.6175585409591048
0.66,0.66,0.66,0.66,0.12,0.64,0.66,50.0,1867.0,660.0,02:42 ET,64.0,put,0.2645527442270489,0.65,0.6837223651995941
0.54,0.59,0.52,0.59,-0.07,0.71,0.73,50.0,1105.0,590.0,02/03/25,64.5,put,0.24116548683066494,0.72,0.7571627571554398
0.83,0.85,0.81,0.82,0.17,0.79,0.81,558.0,11349.0,820.0,04:41 ET,65.0,put,0.2588285594146215,0.8,0.8385603768912141
0.9,0.92,0.9,0.92,0.2,0.88,0.9,75.0,574.0,920.0,02:04 ET,65.5,put,0.25694211877221446,0.89,0.928601980654039
0.92,1.05,0.92,1.05,0.25,0.97,0.99,76.0,2146.0,1050.0,03:02 ET,66.0,put,0.2573884551536342,0.98,1.0279819043068317
1.0,1.0,1.0,1.0,0.11,1.08,1.1,1.0,1005.0,1000.0,18:53 ET,66.5,put,0.23661641458465194,1.09,1.1374017536612344
1.11,1.28,1.11,1.28,0.3,1.19,1.22,73.0,4180.0,1280.0,03:04 ET,67.0,put,0.2512765559478342,1.205,1.2575656267143747
1.01,1.19,0.94,1.09,-0.13,1.32,1.35,77.0,1838.0,1090.0,02/03/25,67.5,put,0.2154141712244013,1.335,1.3891727005798182
1.37,1.51,1.37,1.51,0.3,1.46,1.49,137.0,5967.0,1510.0,23:47 ET,68.0,put,0.24110482397403146,1.475,1.5329091813300966
1.62,1.74,1.62,1.74,0.4,1.62,1.64,5.0,2592.0,1740.0,03:03 ET,68.5,put,0.24542895885755692,1.63,1.6894373497596515
1.9,1.9,1.9,1.9,0.42,1.78,1.81,142.0,2021.0,1900.0,02:57 ET,69.0,put,0.2417928212341596,1.795,1.8593781398945621
1.99,2.12,1.99,2.12,0.48,1.96,1.99,12.0,499.0,2120.0,03:07 ET,69.5,put,0.24242747546599785,1.975,2.0432814628553455
2.05,2.12,2.02,2.12,0.32,2.16,2.19,537.0,9935.0,2120.0,23:06 ET,70.0,put,0.22226085893856115,2.175,2.2416270581992253
2.37,2.51,2.37,2.51,0.53,2.37,2.4,32.0,655.0,2510.0,03:18 ET,70.5,put,0.2354561847847379,2.385,2.4547778157360125
2.46,2.77,2.46,2.77,0.59,2.6,2.63,119.0,4877.0,2770.0,03:00 ET,71.0,put,0.23580759956937047,2.615,2.6830542823069563
2.63,2.89,2.63,2.88,0.49,2.84,2.87,99.0,967.0,2880.0,04:40 ET,71.5,put,0.22177628131404475,2.855,2.9268715595418127
2.96,3.3,2.96,3.28,0.66,3.1,3.14,55.0,2814.0,3280.0,03:07 ET,72.0,put,0.2317892597252109,3.12,3.186954822746048
3.56,3.56,3.56,3.56,0.69,3.37,3.41,51.0,1366.0,3560.0,03:29 ET,72.5,put,0.23003168222106507,3.39,3.4645909736618923
3.44,3.71,3.44,3.71,0.58,3.66,3.7,115.0,2032.0,3710.0,04:42 ET,73.0,put,0.21512715502348165,3.68,3.7614642797786026
3.76,3.76,3.76,3.76,0.35,3.96,4.0,5.0,1451.0,3760.0,21:53 ET,73.5,put,0.18843919568846126,3.98,4.078662570092473
3.42,3.7,3.13,3.7,-0.3,4.26,4.32,347.0,3914.0,3700.0,02/03/25,74.0,put,0.1446909970594843,4.29,4.414327487861981
4.87,4.87,4.87,4.87,0.86,4.6,4.65,1.0,897.0,4870.0,03:07 ET,74.5,put,0.2273954480920396,4.625,4.760126830976315
3.96,4.33,3.75,4.33,-0.33,4.94,5.0,1164.0,3047.0,4330.0,02/03/25,75.0,put,0.11762590084071195,4.970000000000001,5.097917635273236
4.0,4.66,4.0,4.66,-0.34,5.28,5.35,20.0,612.0,4660.0,02/03/25,75.5,put,0.08367974376116492,5.3149999999999995,5.39902222041472
6.68,6.68,6.68,6.68,0.94,6.44,6.5,1.0,288.0,6680.0,03:18 ET,77.0,put,0.21002651283885362,6.470000000000001,5.62828293787107
7.18,7.18,7.18,7.18,1.05,6.84,6.9,1.0,119.0,7180.0,03:07 ET,77.5,put,0.22032355987640204,6.87,5.752897452550773
