contractSymbol,lastTradeDate,strike,lastPrice,bid,ask,change,percentChange,volume,openInterest,impliedVolatility,inTheMoney,contractSize,currency,type
SPY250221C00300000,2025-01-21 16:14:16+00:00,300.0,302.22,308.01,308.76,0.0,0.0,10.0,828,1.2155800939941406,True,REGULAR,USD,call
SPY250221C00305000,2025-01-16 19:29:17+00:00,305.0,289.01,302.88,303.7,0.0,0.0,31.0,282,1.1743205346679688,True,REGULAR,USD,call
SPY250221C00310000,2025-01-17 19:37:11+00:00,310.0,290.01,298.1,298.87,0.0,0.0,16.0,26,1.1796916015624999,True,REGULAR,USD,call
SPY250221C00315000,2025-01-16 19:26:06+00:00,315.0,278.78,293.1,293.89,0.0,0.0,14.0,259,1.1557659399414062,True,REGULAR,USD,call
SPY250221C00320000,2025-01-21 18:34:04+00:00,320.0,284.03,288.15,288.94,0.0,0.0,6.0,154,1.1379437634277343,True,REGULAR,USD,call
SPY250221C00325000,2024-12-30 18:10:06+00:00,325.0,268.58,282.96,283.92,0.0,0.0,,222,1.0988814587402347,True,REGULAR,USD,call
SPY250221C00330000,2024-12-30 17:58:46+00:00,330.0,263.12,277.93,278.94,0.0,0.0,148.0,151,1.0742233789062503,True,REGULAR,USD,call
SPY250221C00335000,2024-12-30 17:49:43+00:00,335.0,259.11,273.17,273.97,0.0,0.0,148.0,148,1.0683640332031252,True,REGULAR,USD,call
SPY250221C00340000,2025-01-02 14:45:34+00:00,340.0,250.16,268.24,269.0,0.0,0.0,,421,1.051030135498047,True,REGULAR,USD,call
SPY250221C00345000,2024-12-30 17:34:34+00:00,345.0,248.43,263.06,263.99,0.0,0.0,148.0,148,1.015874061279297,True,REGULAR,USD,call
SPY250221C00350000,2025-01-22 14:53:44+00:00,350.0,257.64,258.08,259.01,0.0,0.0,3.0,149,0.9953613745117188,True,REGULAR,USD,call
SPY250221C00355000,2025-01-02 15:04:03+00:00,355.0,237.76,253.1,253.9,0.0,0.0,,449,0.9672854833984376,True,REGULAR,USD,call
SPY250221C00360000,2025-01-02 15:04:18+00:00,360.0,232.89,248.29,249.05,0.0,0.0,,76,0.9648441015625,True,REGULAR,USD,call
SPY250221C00365000,2024-12-19 16:03:46+00:00,365.0,226.25,233.47,234.71,0.0,0.0,4.0,4,1.0000000000000003e-05,True,REGULAR,USD,call
SPY250221C00370000,2024-12-30 17:12:54+00:00,370.0,223.08,238.26,239.05,0.0,0.0,74.0,75,0.918946123046875,True,REGULAR,USD,call
SPY250221C00375000,2024-12-30 17:11:16+00:00,375.0,218.07,233.42,234.07,0.0,0.0,74.0,77,0.9064950756835937,True,REGULAR,USD,call
SPY250221C00380000,2024-12-30 17:59:28+00:00,380.0,214.33,228.43,229.17,0.0,0.0,,74,0.8903819555664061,True,REGULAR,USD,call
SPY250221C00385000,2025-01-13 15:24:30+00:00,385.0,193.88,223.41,224.16,0.0,0.0,40.0,115,0.8673108972167969,True,REGULAR,USD,call
SPY250221C00390000,2024-11-11 21:06:31+00:00,390.0,213.77,217.55,220.78,0.0,0.0,,2,0.8801281518554687,True,REGULAR,USD,call
SPY250221C00395000,2025-01-13 16:56:35+00:00,395.0,183.74,213.31,214.08,0.0,0.0,10.0,167,0.8164080859374999,True,REGULAR,USD,call
SPY250221C00400000,2025-01-22 17:29:31+00:00,400.0,209.4,208.49,209.22,0.0,0.0,3.0,20,0.8105487695312499,True,REGULAR,USD,call
SPY250221C00405000,2025-01-21 19:43:52+00:00,405.0,198.8,203.57,204.25,0.0,0.0,73.0,48,0.7946797875976561,True,REGULAR,USD,call
SPY250221C00410000,2025-01-21 19:47:58+00:00,410.0,193.62,198.62,199.27,0.0,0.0,39.0,26,0.7768577001953125,True,REGULAR,USD,call
SPY250221C00415000,2025-01-07 20:52:02+00:00,415.0,176.12,193.57,194.32,0.0,0.0,1.0,76,0.7564721618652344,True,REGULAR,USD,call
SPY250221C00420000,2024-12-30 15:25:50+00:00,420.0,168.2,188.67,189.32,0.0,0.0,2.0,8,0.7402369726562499,True,REGULAR,USD,call
SPY250221C00425000,2025-01-17 15:00:22+00:00,425.0,173.97,183.66,184.34,0.0,0.0,15.0,20,0.7204617797851562,True,REGULAR,USD,call
SPY250221C00430000,2025-01-21 16:07:21+00:00,430.0,172.77,178.67,179.29,0.0,0.0,5.0,48,0.6989776196289064,True,REGULAR,USD,call
SPY250221C00435000,2025-01-16 18:25:23+00:00,435.0,160.49,173.7,174.34,0.0,0.0,7.0,24,0.6821320849609377,True,REGULAR,USD,call
SPY250221C00440000,2025-01-22 15:11:46+00:00,440.0,168.6,168.78,169.42,0.0,0.0,1.0,881,0.668094139404297,True,REGULAR,USD,call
SPY250221C00445000,2025-01-23 14:53:07+00:00,445.0,163.09,163.78,164.51,12.639999,8.401463,3.0,29,0.651492742919922,True,REGULAR,USD,call
SPY250221C00450000,2025-01-22 16:47:11+00:00,450.0,159.38,158.8,159.47,0.0,0.0,2.0,82,0.6313513427734375,True,REGULAR,USD,call
SPY250221C00455000,2025-01-17 20:01:59+00:00,455.0,145.11,153.92,154.63,0.0,0.0,4.0,60,0.6208534008789064,True,REGULAR,USD,call
SPY250221C00460000,2025-01-17 19:38:57+00:00,460.0,140.89,149.13,149.52,0.0,0.0,25.0,102,0.6044351080322268,True,REGULAR,USD,call
SPY250221C00465000,2025-01-17 16:47:26+00:00,465.0,135.82,143.92,144.56,0.0,0.0,1.0,28,0.5800823242187501,True,REGULAR,USD,call
SPY250221C00470000,2025-01-23 14:54:00+00:00,470.0,138.14,138.96,139.59,7.25,5.5390024,4.0,55,0.5629926513671876,True,REGULAR,USD,call
SPY250221C00475000,2025-01-17 16:03:48+00:00,475.0,125.17,133.97,134.61,0.0,0.0,3.0,54,0.5448043566894532,True,REGULAR,USD,call
SPY250221C00480000,2025-01-17 20:34:36+00:00,480.0,120.43,129.0,129.65,0.0,0.0,5.0,88,0.5277757183837892,True,REGULAR,USD,call
SPY250221C00485000,2025-01-13 17:00:38+00:00,485.0,93.97,123.97,124.68,0.0,0.0,39.0,65,0.5089160437011719,True,REGULAR,USD,call
SPY250221C00490000,2025-01-22 16:05:48+00:00,490.0,118.7,119.03,119.66,0.0,0.0,3.0,22,0.5067188000488281,True,REGULAR,USD,call
SPY250221C00495000,2025-01-22 16:01:09+00:00,495.0,113.56,114.09,114.71,0.0,0.0,1.0,31,0.48993429992675785,True,REGULAR,USD,call
SPY250221C00500000,2025-01-22 20:50:27+00:00,500.0,109.02,109.12,109.78,0.0,0.0,51.0,630,0.4739432489013672,True,REGULAR,USD,call
SPY250221C00505000,2025-01-22 14:55:04+00:00,505.0,103.68,104.56,104.7,0.0,0.0,3.0,673,0.4513604669189454,True,REGULAR,USD,call
SPY250221C00510000,2025-01-23 14:48:30+00:00,510.0,98.53,99.6,99.73,0.19000244,0.19320972,1.0,982,0.4337214831542969,True,REGULAR,USD,call
SPY250221C00515000,2025-01-22 17:20:12+00:00,515.0,95.08,94.33,94.85,0.0,0.0,2.0,296,0.41962250305175786,True,REGULAR,USD,call
SPY250221C00520000,2025-01-21 16:11:51+00:00,520.0,83.21,89.68,89.82,0.0,0.0,5.0,411,0.39942006835937505,True,REGULAR,USD,call
SPY250221C00525000,2025-01-22 14:59:05+00:00,525.0,83.97,84.68,84.82,0.0,0.0,1.0,356,0.38049935913085936,True,REGULAR,USD,call
SPY250221C00526000,2025-01-21 19:45:18+00:00,526.0,78.64,83.8,83.95,0.0,0.0,1.0,8,0.38147591186523433,True,REGULAR,USD,call
SPY250221C00527000,2025-01-16 19:26:19+00:00,527.0,68.6,82.82,82.95,0.0,0.0,2.0,198,0.3776917700195312,True,REGULAR,USD,call
SPY250221C00528000,2025-01-07 14:54:16+00:00,528.0,73.01,81.75,81.89,0.0,0.0,1.0,663,0.37164934997558596,True,REGULAR,USD,call
SPY250221C00529000,2025-01-03 14:41:48+00:00,529.0,65.27,80.66,80.79,0.0,0.0,5.0,203,0.3642031353759766,True,REGULAR,USD,call
SPY250221C00530000,2025-01-23 15:22:03+00:00,530.0,78.4,79.77,79.9,-1.0,-1.2594458,1.0,387,0.36438623901367195,True,REGULAR,USD,call
SPY250221C00531000,2025-01-08 15:56:51+00:00,531.0,61.94,78.86,78.99,0.0,0.0,2.0,1,0.36377589355468753,True,REGULAR,USD,call
SPY250221C00532000,2024-12-19 15:49:26+00:00,532.0,65.32,68.16,68.49,0.0,0.0,6.0,96,1.0000000000000003e-05,True,REGULAR,USD,call
SPY250221C00533000,2025-01-17 15:16:47+00:00,533.0,67.22,76.78,76.92,0.0,0.0,7.0,325,0.35370519348144525,True,REGULAR,USD,call
SPY250221C00534000,2025-01-03 20:30:01+00:00,534.0,62.83,75.76,75.88,0.0,0.0,24.0,332,0.3485172570800781,True,REGULAR,USD,call
SPY250221C00535000,2025-01-23 15:39:03+00:00,535.0,73.87,74.87,75.0,-0.4399948,-0.5921072,4.0,201,0.34882242980957034,True,REGULAR,USD,call
SPY250221C00536000,2025-01-17 17:59:25+00:00,536.0,66.04,73.83,73.97,0.0,0.0,1.0,204,0.34400070068359373,True,REGULAR,USD,call
SPY250221C00537000,2025-01-10 15:11:28+00:00,537.0,48.32,72.74,72.87,0.0,0.0,1.0,103,0.33673758972167966,True,REGULAR,USD,call
SPY250221C00538000,2025-01-10 15:11:28+00:00,538.0,47.41,71.84,71.97,0.0,0.0,1.0,105,0.3363103479003906,True,REGULAR,USD,call
SPY250221C00539000,2025-01-21 18:06:50+00:00,539.0,66.23,70.95,71.08,0.0,0.0,2.0,25,0.33612724426269536,True,REGULAR,USD,call
SPY250221C00540000,2025-01-23 16:44:42+00:00,540.0,70.02,69.84,69.98,-0.3199997,-0.45493278,5.0,995,0.32898620239257803,True,REGULAR,USD,call
SPY250221C00541000,2025-01-10 15:11:28+00:00,541.0,44.7,68.88,69.01,0.0,0.0,1.0,398,0.3261175787353515,True,REGULAR,USD,call
SPY250221C00542000,2025-01-08 19:12:31+00:00,542.0,51.98,67.91,68.04,0.0,0.0,1.0,352,0.3232489550781249,True,REGULAR,USD,call
SPY250221C00543000,2025-01-08 19:12:31+00:00,543.0,51.05,66.87,67.0,0.0,0.0,1.0,544,0.3181220532226562,True,REGULAR,USD,call
SPY250221C00544000,2025-01-21 19:36:46+00:00,544.0,60.95,65.89,66.03,0.0,0.0,1.0,10,0.31525342956542957,True,REGULAR,USD,call
SPY250221C00545000,2025-01-23 16:44:42+00:00,545.0,65.09,64.96,65.09,5.109997,8.519502,5.0,365,0.3133003240966796,True,REGULAR,USD,call
SPY250221C00546000,2025-01-10 15:11:28+00:00,546.0,40.27,63.93,64.06,0.0,0.0,1.0,64,0.30847859497070307,True,REGULAR,USD,call
SPY250221C00547000,2025-01-22 14:55:59+00:00,547.0,62.29,62.99,63.12,0.0,0.0,6.0,140,0.3064644549560547,True,REGULAR,USD,call
SPY250221C00548000,2025-01-16 20:48:14+00:00,548.0,48.84,61.98,62.11,0.0,0.0,2.0,23,0.30225307128906254,True,REGULAR,USD,call
SPY250221C00549000,2025-01-10 16:38:46+00:00,549.0,37.18,61.02,61.15,0.0,0.0,2.0,231,0.2995675512695312,True,REGULAR,USD,call
SPY250221C00550000,2025-01-23 15:44:16+00:00,550.0,59.16,59.99,60.12,-0.84000015,-1.4000002,1.0,7569,0.29480685668945306,True,REGULAR,USD,call
SPY250221C00551000,2025-01-22 20:41:03+00:00,551.0,58.84,59.06,59.19,0.0,0.0,1.0,293,0.2929758203124999,True,REGULAR,USD,call
SPY250221C00552000,2025-01-23 15:14:19+00:00,552.0,56.83,58.08,58.21,-1.8099976,-3.086626,2.0,603,0.2896189202880859,True,REGULAR,USD,call
SPY250221C00553000,2025-01-15 20:29:40+00:00,553.0,45.11,57.05,57.18,0.0,0.0,1.0,60,0.2848582257080078,True,REGULAR,USD,call
SPY250221C00554000,2025-01-08 17:31:14+00:00,554.0,38.57,56.08,56.21,0.0,0.0,1.0,30,0.2818064984130859,True,REGULAR,USD,call
SPY250221C00555000,2025-01-23 14:55:01+00:00,555.0,54.19,55.12,55.25,-0.8100014,-1.4727298,2.0,11269,0.27899890930175775,True,REGULAR,USD,call
SPY250221C00556000,2025-01-17 14:49:50+00:00,556.0,44.8,54.16,54.28,0.0,0.0,7.0,130,0.2758861474609374,True,REGULAR,USD,call
SPY250221C00557000,2025-01-17 19:59:24+00:00,557.0,45.29,53.14,53.27,0.0,0.0,1.0,215,0.2716747637939453,True,REGULAR,USD,call
SPY250221C00558000,2025-01-21 17:29:38+00:00,558.0,47.07,52.19,52.31,0.0,0.0,22.0,214,0.2688061401367187,True,REGULAR,USD,call
SPY250221C00559000,2025-01-17 20:49:50+00:00,559.0,43.34,51.23,51.36,0.0,0.0,2.0,63,0.26618165466308596,True,REGULAR,USD,call
SPY250221C00560000,2025-01-23 14:59:26+00:00,560.0,49.19,50.26,50.39,-1.2600021,-2.4975264,4.0,11823,0.2629468237304688,True,REGULAR,USD,call
SPY250221C00561000,2025-01-22 19:34:37+00:00,561.0,49.18,49.28,49.41,0.0,0.0,1.0,114,0.2594678546142578,True,REGULAR,USD,call
SPY250221C00562000,2025-01-17 20:49:50+00:00,562.0,40.54,48.27,48.4,0.0,0.0,2.0,213,0.2551954364013672,True,REGULAR,USD,call
SPY250221C00563000,2025-01-17 20:50:34+00:00,563.0,39.42,46.76,47.56,0.0,0.0,11.0,103,0.2552869882202149,True,REGULAR,USD,call
SPY250221C00564000,2025-01-21 18:14:48+00:00,564.0,42.19,46.36,46.48,0.0,0.0,1.0,141,0.2491835336303711,True,REGULAR,USD,call
SPY250221C00565000,2025-01-23 15:34:38+00:00,565.0,44.35,45.35,45.48,-0.5699997,-1.2689219,4.0,10359,0.245124736328125,True,REGULAR,USD,call
SPY250221C00566000,2025-01-17 18:59:27+00:00,566.0,37.04,44.39,44.52,0.0,0.0,4.0,120,0.2420424917602539,True,REGULAR,USD,call
SPY250221C00567000,2025-01-22 14:54:10+00:00,567.0,42.53,43.49,43.61,0.0,0.0,1.0,187,0.24018093811035152,True,REGULAR,USD,call
SPY250221C00568000,2025-01-22 19:18:53+00:00,568.0,42.43,42.49,42.61,0.0,0.0,6.0,206,0.23603058898925777,True,REGULAR,USD,call
SPY250221C00569000,2025-01-22 16:38:05+00:00,569.0,41.96,41.56,41.7,0.0,0.0,53.0,140,0.23407748352050778,True,REGULAR,USD,call
SPY250221C00570000,2025-01-22 20:37:01+00:00,570.0,40.8,40.62,40.74,0.29999924,0.74073887,1.0,1113,0.23084265258789063,True,REGULAR,USD,call
SPY250221C00571000,2025-01-22 18:50:02+00:00,571.0,40.07,39.71,39.83,0.0,0.0,1.0,539,0.2287064434814453,True,REGULAR,USD,call
SPY250221C00572000,2025-01-21 18:28:16+00:00,572.0,34.66,38.65,38.77,0.0,0.0,6.0,305,0.22315229980468748,True,REGULAR,USD,call
SPY250221C00573000,2025-01-22 15:03:35+00:00,573.0,37.23,37.77,37.88,0.0,0.0,1.0,249,0.2213822979736328,True,REGULAR,USD,call
SPY250221C00574000,2025-01-22 17:44:01+00:00,574.0,37.05,36.8,36.92,0.0,0.0,52.0,337,0.2180253979492187,True,REGULAR,USD,call
SPY250221C00575000,2025-01-23 16:49:07+00:00,575.0,36.09,35.88,35.99,1.0,2.8498147,6.0,27898,0.21527884338378905,True,REGULAR,USD,call
SPY250221C00576000,2025-01-22 16:33:07+00:00,576.0,35.19,34.88,34.99,0.0,0.0,4.0,544,0.21094539062499998,True,REGULAR,USD,call
SPY250221C00577000,2025-01-23 16:30:00+00:00,577.0,34.17,33.96,34.06,0.25999832,0.76673055,4.0,402,0.20813780151367184,True,REGULAR,USD,call
SPY250221C00578000,2025-01-22 20:48:01+00:00,578.0,32.82,33.14,33.25,0.0,0.0,6.0,795,0.207741076965332,True,REGULAR,USD,call
SPY250221C00579000,2025-01-23 15:25:03+00:00,579.0,30.98,32.09,32.2,-0.7900009,-2.4866254,1.0,880,0.20227848510742186,True,REGULAR,USD,call
SPY250221C00580000,2025-01-23 16:03:12+00:00,580.0,30.7,31.2,31.31,0.060001373,0.19582693,37.0,11504,0.2000812414550781,True,REGULAR,USD,call
SPY250221C00581000,2025-01-22 19:37:33+00:00,581.0,30.3,30.32,30.42,0.0,0.0,9.0,835,0.19779244598388673,True,REGULAR,USD,call
SPY250221C00582000,2025-01-23 15:37:11+00:00,582.0,28.45,29.33,29.43,-0.44999886,-1.5570894,2.0,1318,0.1934589932250977,True,REGULAR,USD,call
SPY250221C00583000,2025-01-23 15:20:42+00:00,583.0,27.31,28.47,28.57,-0.7800007,-2.7767913,3.0,1761,0.19162795684814454,True,REGULAR,USD,call
SPY250221C00584000,2025-01-23 16:30:00+00:00,584.0,27.75,27.58,27.69,-0.12999916,-0.4662811,7.0,1904,0.18930864410400394,True,REGULAR,USD,call
SPY250221C00585000,2025-01-23 16:53:18+00:00,585.0,26.69,26.69,26.78,0.6400013,2.4568188,40.0,12799,0.18631795135498047,True,REGULAR,USD,call
SPY250221C00586000,2025-01-22 20:50:33+00:00,586.0,24.72,25.76,25.86,-0.63000107,-2.4852114,2.0,1613,0.18308312042236324,True,REGULAR,USD,call
SPY250221C00587000,2025-01-23 16:43:12+00:00,587.0,24.94,24.9,25.0,-0.21999931,-0.8744011,8.0,2112,0.1808553594970703,True,REGULAR,USD,call
SPY250221C00588000,2025-01-23 16:48:27+00:00,588.0,24.23,24.09,24.18,-0.069999695,-0.2880646,13.0,4686,0.1792379440307617,True,REGULAR,USD,call
SPY250221C00589000,2025-01-22 17:14:34+00:00,589.0,23.45,23.15,23.23,0.0,0.0,187.0,1559,0.17524018127441404,True,REGULAR,USD,call
SPY250221C00590000,2025-01-23 15:57:12+00:00,590.0,21.77,22.31,22.39,-0.18999863,-0.86520326,55.0,33605,0.17304293762207032,True,REGULAR,USD,call
SPY250221C00591000,2025-01-23 16:19:40+00:00,591.0,21.35,21.46,21.54,0.65999985,3.189946,47.0,2852,0.17057103851318361,True,REGULAR,USD,call
SPY250221C00592000,2025-01-23 14:32:59+00:00,592.0,19.3,20.57,20.65,-0.710001,-3.548231,20.0,3076,0.16733620758056644,True,REGULAR,USD,call
SPY250221C00593000,2025-01-23 14:42:02+00:00,593.0,19.78,19.76,19.84,0.59000015,3.0745187,5.0,2425,0.16529155029296877,True,REGULAR,USD,call
SPY250221C00594000,2025-01-23 16:54:44+00:00,594.0,18.96,18.92,18.99,0.47999954,2.5974002,21.0,2671,0.16248396118164063,True,REGULAR,USD,call
SPY250221C00595000,2025-01-23 16:54:44+00:00,595.0,18.16,18.12,18.19,0.6000004,3.438398,133.0,29897,0.1603477520751953,True,REGULAR,USD,call
SPY250221C00596000,2025-01-23 16:20:37+00:00,596.0,16.98,17.27,17.34,0.1800003,1.0714304,25.0,2634,0.1572655075073242,True,REGULAR,USD,call
SPY250221C00597000,2025-01-23 16:47:20+00:00,597.0,16.59,16.53,16.59,0.5400009,3.364492,60.0,2382,0.15564809204101562,True,REGULAR,USD,call
SPY250221C00598000,2025-01-23 16:45:15+00:00,598.0,15.7,15.74,15.8,0.5,3.2894738,43.0,2727,0.15320671020507814,True,REGULAR,USD,call
SPY250221C00599000,2025-01-23 16:28:25+00:00,599.0,14.96,14.98,15.03,0.52000046,3.6011114,23.0,3379,0.150948432006836,True,REGULAR,USD,call
SPY250221C00600000,2025-01-23 16:50:28+00:00,600.0,14.4,14.23,14.28,0.8299999,6.1164327,220.0,24595,0.14881222290039062,True,REGULAR,USD,call
SPY250221C00601000,2025-01-23 16:53:24+00:00,601.0,13.46,13.47,13.52,0.5500002,4.260265,78.0,1913,0.1463403237915039,True,REGULAR,USD,call
SPY250221C00602000,2025-01-23 16:35:55+00:00,602.0,12.81,12.76,12.81,0.5,4.0617385,56.0,6055,0.14441773559570312,True,REGULAR,USD,call
SPY250221C00603000,2025-01-23 16:51:38+00:00,603.0,11.96,12.04,12.07,0.21000004,1.7872344,65.0,3458,0.14188480194091796,True,REGULAR,USD,call
SPY250221C00604000,2025-01-23 16:51:19+00:00,604.0,11.29,11.35,11.38,0.48999977,4.537035,79.0,7759,0.1398706619262695,True,REGULAR,USD,call
SPY250221C00605000,2025-01-23 16:53:06+00:00,605.0,10.67,10.69,10.71,0.47000027,4.607846,1952.0,18383,0.13794807373046875,True,REGULAR,USD,call
SPY250221C00606000,2025-01-23 16:51:34+00:00,606.0,9.98,10.02,10.04,0.3899994,4.0667295,570.0,3038,0.13578134735107422,True,REGULAR,USD,call
SPY250221C00607000,2025-01-23 16:52:31+00:00,607.0,9.29,9.38,9.41,0.22999954,2.5386262,419.0,4011,0.1339808282470703,True,REGULAR,USD,call
SPY250221C00608000,2025-01-23 16:54:48+00:00,608.0,8.8,8.78,8.8,0.4499998,5.395681,2329.0,9787,0.13221082641601564,False,REGULAR,USD,call
SPY250221C00609000,2025-01-23 16:46:15+00:00,609.0,8.36,8.16,8.18,0.55999947,7.17948,183.0,4423,0.1300441000366211,False,REGULAR,USD,call
SPY250221C00610000,2025-01-23 16:52:10+00:00,610.0,7.54,7.63,7.65,0.26999998,3.7138925,1243.0,15544,0.1289149609375,False,REGULAR,USD,call
SPY250221C00611000,2025-01-23 16:46:15+00:00,611.0,7.19,7.08,7.1,0.3499999,5.0505037,211.0,3767,0.12723651092529298,False,REGULAR,USD,call
SPY250221C00612000,2025-01-23 16:34:41+00:00,612.0,6.62,6.53,6.55,0.26999998,4.2519684,197.0,3064,0.12528340545654298,False,REGULAR,USD,call
SPY250221C00613000,2025-01-23 16:54:02+00:00,613.0,6.06,6.06,6.08,0.17999983,3.0612216,79.0,5055,0.12421530090332032,False,REGULAR,USD,call
SPY250221C00614000,2025-01-23 16:41:54+00:00,614.0,5.6,5.59,5.61,0.25999975,4.868909,392.0,3374,0.12284202362060548,False,REGULAR,USD,call
SPY250221C00615000,2025-01-23 16:53:25+00:00,615.0,5.13,5.14,5.16,0.22000027,4.480657,2665.0,30276,0.12149926361083985,False,REGULAR,USD,call
SPY250221C00616000,2025-01-23 16:53:00+00:00,616.0,4.7,4.72,4.74,-0.05000019,-1.0526356,102.0,2527,0.1202785726928711,False,REGULAR,USD,call
SPY250221C00617000,2025-01-23 16:46:12+00:00,617.0,4.47,4.31,4.33,0.25,5.924171,254.0,1687,0.11890529541015624,False,REGULAR,USD,call
SPY250221C00618000,2025-01-23 16:53:06+00:00,618.0,3.95,3.94,3.95,0.17000008,4.4973564,165.0,4393,0.1176846044921875,False,REGULAR,USD,call
SPY250221C00619000,2025-01-23 16:32:56+00:00,619.0,3.64,3.6,3.61,0.07000017,1.9607892,41.0,3517,0.11676908630371094,False,REGULAR,USD,call
SPY250221C00620000,2025-01-23 16:55:26+00:00,620.0,3.26,3.25,3.29,0.1400001,4.487183,1356.0,17497,0.1159146026611328,False,REGULAR,USD,call
SPY250221C00621000,2025-01-23 16:45:27+00:00,621.0,3.07,2.95,2.97,0.13999987,4.7781525,172.0,3465,0.11469391174316407,False,REGULAR,USD,call
SPY250221C00622000,2025-01-23 16:40:46+00:00,622.0,2.71,2.69,2.7,0.059999943,2.2641487,92.0,4866,0.11402253173828125,False,REGULAR,USD,call
SPY250221C00623000,2025-01-23 16:53:51+00:00,623.0,2.43,2.42,2.44,0.08000016,3.4334834,148.0,3389,0.11322908264160156,False,REGULAR,USD,call
SPY250221C00624000,2025-01-23 16:51:32+00:00,624.0,2.16,2.18,2.2,0.07000017,3.3492906,285.0,2743,0.1124966680908203,False,REGULAR,USD,call
SPY250221C00625000,2025-01-23 16:52:56+00:00,625.0,1.95,1.96,1.97,0.07000005,3.723407,347.0,38672,0.11158114990234375,False,REGULAR,USD,call
SPY250221C00630000,2025-01-23 16:52:56+00:00,630.0,1.12,1.12,1.13,0.01999998,1.8181801,889.0,16111,0.10895666442871094,False,REGULAR,USD,call
SPY250221C00635000,2025-01-23 16:55:27+00:00,635.0,0.63,0.62,0.63,0.00999999,1.6129017,3367.0,12271,0.10767493896484376,False,REGULAR,USD,call
SPY250221C00640000,2025-01-23 16:49:47+00:00,640.0,0.36,0.35,0.36,0.01000002,2.8571486,115.0,10138,0.10828528442382812,False,REGULAR,USD,call
SPY250221C00645000,2025-01-23 16:23:05+00:00,645.0,0.22,0.21,0.22,0.0,0.0,45.0,5679,0.11084873535156249,False,REGULAR,USD,call
SPY250221C00650000,2025-01-23 16:52:16+00:00,650.0,0.15,0.15,0.16,0.010000005,7.1428604,70.0,9549,0.11646391357421876,False,REGULAR,USD,call
SPY250221C00655000,2025-01-23 16:38:59+00:00,655.0,0.11,0.11,0.12,0.0,0.0,24.0,3033,0.12207909179687501,False,REGULAR,USD,call
SPY250221C00660000,2025-01-23 16:36:12+00:00,660.0,0.08,0.08,0.09,-0.010000005,-11.111116,30.0,2690,0.1274501318359375,False,REGULAR,USD,call
SPY250221C00665000,2025-01-23 16:38:35+00:00,665.0,0.08,0.07,0.08,0.0,0.0,1249.0,13353,0.13526255371093754,False,REGULAR,USD,call
SPY250221C00670000,2025-01-23 16:38:35+00:00,670.0,0.07,0.06,0.07,0.0,0.0,6050.0,9407,0.14258669921875,False,REGULAR,USD,call
SPY250221C00675000,2025-01-23 16:38:35+00:00,675.0,0.06,0.06,0.07,0.0,0.0,8.0,2944,0.15235222656250003,False,REGULAR,USD,call
SPY250221C00680000,2025-01-22 20:53:56+00:00,680.0,0.05,0.04,0.05,0.0,0.0,374.0,2342,0.15528188476562502,False,REGULAR,USD,call
SPY250221C00685000,2025-01-22 20:53:56+00:00,685.0,0.05,0.05,0.06,0.0,0.0,11.0,5549,0.16748879394531252,False,REGULAR,USD,call
SPY250221C00690000,2025-01-22 20:53:56+00:00,690.0,0.04,0.05,0.06,0.0,0.0,245.0,1415,0.17627776855468752,False,REGULAR,USD,call
SPY250221C00695000,2025-01-22 21:01:46+00:00,695.0,0.04,0.04,0.05,0.0,0.0,2165.0,4118,0.18164880859375,False,REGULAR,USD,call
SPY250221C00700000,2025-01-23 16:52:05+00:00,700.0,0.05,0.04,0.05,0.010000002,50.00001,5.0,4333,0.18994950683593753,False,REGULAR,USD,call
SPY250221C00705000,2025-01-23 15:32:49+00:00,705.0,0.03,0.03,0.04,0.0,0.0,1005.0,2395,0.19336744140625,False,REGULAR,USD,call
SPY250221C00710000,2025-01-23 16:09:09+00:00,710.0,0.02,0.03,0.04,-0.01,-33.333336,1.0,3030,0.20215641601562498,False,REGULAR,USD,call
SPY250221C00715000,2025-01-22 20:53:56+00:00,715.0,0.03,0.03,0.04,0.0,0.0,2237.0,2299,0.20996883789062498,False,REGULAR,USD,call
SPY250221C00720000,2025-01-22 20:53:56+00:00,720.0,0.02,0.02,0.03,0.0,0.0,3989.0,5511,0.21192194335937498,False,REGULAR,USD,call
SPY250221C00725000,2025-01-23 15:29:45+00:00,725.0,0.02,0.02,0.03,0.0,0.0,1000.0,2553,0.21973436523437498,False,REGULAR,USD,call
SPY250221C00730000,2025-01-22 20:53:56+00:00,730.0,0.02,0.02,0.03,0.0,0.0,30.0,4942,0.22657023437499998,False,REGULAR,USD,call
SPY250221C00735000,2025-01-22 20:53:56+00:00,735.0,0.02,0.02,0.03,0.0,0.0,30.0,2076,0.23438265625,False,REGULAR,USD,call
SPY250221C00740000,2025-01-22 20:53:56+00:00,740.0,0.02,0.02,0.03,0.0,0.0,2077.0,5723,0.242195078125,False,REGULAR,USD,call
SPY250221C00745000,2025-01-22 20:53:56+00:00,745.0,0.01,0.01,0.02,0.0,0.0,2075.0,2319,0.24024197265624997,False,REGULAR,USD,call
SPY250221C00750000,2025-01-22 20:53:56+00:00,750.0,0.01,0.01,0.02,0.0,0.0,28.0,376,0.24805439453125,False,REGULAR,USD,call
SPY250221C00755000,2025-01-22 20:53:56+00:00,755.0,0.01,0.01,0.02,0.0,0.0,29.0,378,0.25391371093750004,False,REGULAR,USD,call
SPY250221C00760000,2025-01-22 20:53:56+00:00,760.0,0.01,0.01,0.02,0.0,0.0,37.0,2248,0.2617261328125,False,REGULAR,USD,call
SPY250221C00765000,2025-01-22 20:53:56+00:00,765.0,0.01,0.01,0.02,0.0,0.0,63.0,931,0.2695385546875,False,REGULAR,USD,call
SPY250221C00770000,2025-01-23 16:06:30+00:00,770.0,0.01,0.01,0.02,0.0,0.0,881.0,3456,0.27539787109374997,False,REGULAR,USD,call
SPY250221C00775000,2025-01-23 16:06:00+00:00,775.0,0.01,0.01,0.02,0.0,0.0,881.0,5705,0.28125718749999995,False,REGULAR,USD,call
SPY250221C00780000,2025-01-22 20:53:59+00:00,780.0,0.02,0.01,0.02,0.0,0.0,38.0,483,0.2890696093749999,False,REGULAR,USD,call
SPY250221C00785000,2025-01-22 20:57:43+00:00,785.0,0.01,0.01,0.02,0.0,0.0,36.0,604,0.29492892578124996,False,REGULAR,USD,call
SPY250221C00790000,2025-01-22 15:41:34+00:00,790.0,0.01,0.01,0.02,0.0,0.0,1.0,401,0.30274134765625,False,REGULAR,USD,call
SPY250221C00795000,2025-01-22 20:53:56+00:00,795.0,0.01,0.0,0.01,0.0,0.0,25.0,2700,0.2929758203124999,False,REGULAR,USD,call
SPY250221C00800000,2025-01-22 20:53:56+00:00,800.0,0.01,0.0,0.01,0.0,0.0,25.0,653,0.29688203124999996,False,REGULAR,USD,call
SPY250221P00300000,2025-01-22 20:55:57+00:00,300.0,0.04,0.02,0.03,0.0,0.0,1613.0,7804,0.789064609375,False,REGULAR,USD,put
SPY250221P00305000,2025-01-23 15:21:08+00:00,305.0,0.03,0.02,0.03,0.0,0.0,12.0,9680,0.773439765625,False,REGULAR,USD,put
SPY250221P00310000,2025-01-23 16:25:53+00:00,310.0,0.03,0.02,0.03,0.0,0.0,64.0,8242,0.7578149218750001,False,REGULAR,USD,put
SPY250221P00315000,2025-01-22 20:53:56+00:00,315.0,0.04,0.03,0.04,0.0,0.0,811.0,6374,0.7617211328125001,False,REGULAR,USD,put
SPY250221P00320000,2025-01-22 20:53:56+00:00,320.0,0.04,0.03,0.04,0.0,0.0,155.0,849,0.7421900781249999,False,REGULAR,USD,put
SPY250221P00325000,2025-01-23 15:52:16+00:00,325.0,0.03,0.03,0.04,-0.01,-25.0,2.0,8148,0.726565234375,False,REGULAR,USD,put
SPY250221P00330000,2025-01-23 16:26:49+00:00,330.0,0.03,0.03,0.04,-0.020000001,-40.000004,23.0,3116,0.710940390625,False,REGULAR,USD,put
SPY250221P00335000,2025-01-23 15:52:16+00:00,335.0,0.04,0.04,0.05,-0.010000002,-20.000002,2.0,3366,0.70898728515625,False,REGULAR,USD,put
SPY250221P00340000,2025-01-23 15:30:28+00:00,340.0,0.04,0.04,0.05,-0.010000002,-20.000002,1.0,882,0.6914093359375001,False,REGULAR,USD,put
SPY250221P00345000,2025-01-23 15:29:16+00:00,345.0,0.05,0.04,0.05,-0.009999998,-16.666662,1.0,24722,0.6757844921875001,False,REGULAR,USD,put
SPY250221P00350000,2025-01-23 16:26:14+00:00,350.0,0.05,0.05,0.06,-0.009999998,-16.666662,5.0,1701,0.6718782812500002,False,REGULAR,USD,put
SPY250221P00355000,2025-01-23 15:30:01+00:00,355.0,0.05,0.05,0.06,-0.02,-28.571428,1.0,703,0.6562534375000001,False,REGULAR,USD,put
SPY250221P00360000,2025-01-22 20:53:56+00:00,360.0,0.07,0.05,0.06,0.0,0.0,160.0,880,0.64062859375,False,REGULAR,USD,put
SPY250221P00365000,2025-01-22 20:53:56+00:00,365.0,0.07,0.06,0.07,0.0,0.0,133.0,2064,0.6347692773437501,False,REGULAR,USD,put
SPY250221P00370000,2025-01-22 20:53:56+00:00,370.0,0.08,0.06,0.07,0.0,0.0,116.0,533,0.6191444335937502,False,REGULAR,USD,put
SPY250221P00375000,2025-01-22 20:53:56+00:00,375.0,0.08,0.06,0.07,0.0,0.0,144.0,9379,0.6035195898437502,False,REGULAR,USD,put
SPY250221P00380000,2025-01-22 20:53:56+00:00,380.0,0.09,0.07,0.08,0.0,0.0,165.0,12216,0.59570716796875,False,REGULAR,USD,put
SPY250221P00385000,2025-01-22 20:53:56+00:00,385.0,0.1,0.07,0.08,0.0,0.0,89.0,1015,0.5800823242187501,False,REGULAR,USD,put
SPY250221P00390000,2025-01-22 20:53:56+00:00,390.0,0.09,0.08,0.09,-0.009999998,-9.999997,1.0,1190,0.5722699023437501,False,REGULAR,USD,put
SPY250221P00395000,2025-01-23 15:58:53+00:00,395.0,0.09,0.08,0.09,-0.009999998,-9.999997,76.0,1173,0.5566450585937501,False,REGULAR,USD,put
SPY250221P00400000,2025-01-23 16:55:15+00:00,400.0,0.1,0.09,0.1,-0.019999996,-16.666662,133.0,89260,0.5488326367187502,False,REGULAR,USD,put
SPY250221P00405000,2025-01-23 15:52:28+00:00,405.0,0.1,0.09,0.1,-0.019999996,-16.666662,8.0,895,0.53320779296875,False,REGULAR,USD,put
SPY250221P00410000,2025-01-22 20:53:56+00:00,410.0,0.12,0.11,0.12,-0.009999998,-7.692306,10.0,78358,0.5293015820312501,False,REGULAR,USD,put
SPY250221P00415000,2025-01-23 14:38:09+00:00,415.0,0.13,0.11,0.12,-0.010000005,-7.1428604,1.0,10494,0.514653291015625,False,REGULAR,USD,put
SPY250221P00420000,2025-01-23 15:24:04+00:00,420.0,0.12,0.12,0.13,-0.030000009,-20.000006,11.0,77199,0.5039112109375,False,REGULAR,USD,put
SPY250221P00425000,2025-01-22 20:53:55+00:00,425.0,0.15,0.13,0.13,0.0,0.0,145.0,791,0.49170430175781255,False,REGULAR,USD,put
SPY250221P00430000,2025-01-23 15:15:19+00:00,430.0,0.15,0.13,0.14,-0.00999999,-6.2499943,41.0,2891,0.481450498046875,False,REGULAR,USD,put
SPY250221P00435000,2025-01-22 20:53:56+00:00,435.0,0.17,0.14,0.15,0.0,0.0,138.0,1119,0.47022014160156256,False,REGULAR,USD,put
SPY250221P00440000,2025-01-22 20:53:56+00:00,440.0,0.15,0.14,0.15,-0.030000001,-16.666666,1.0,5436,0.4555718505859375,False,REGULAR,USD,put
SPY250221P00445000,2025-01-22 20:53:56+00:00,445.0,0.16,0.16,0.17,-0.030000001,-15.789474,2.0,1735,0.44775942871093743,False,REGULAR,USD,put
SPY250221P00450000,2025-01-23 16:25:21+00:00,450.0,0.16,0.16,0.17,-0.040000007,-20.000002,44.0,156675,0.4331111376953125,False,REGULAR,USD,put
SPY250221P00455000,2025-01-22 20:53:56+00:00,455.0,0.21,0.17,0.18,0.0,0.0,103.0,1806,0.42188078125,False,REGULAR,USD,put
SPY250221P00460000,2025-01-23 15:26:10+00:00,460.0,0.19,0.18,0.19,-0.040000007,-17.391306,2.0,152852,0.4101621484375,False,REGULAR,USD,put
SPY250221P00465000,2025-01-23 14:44:18+00:00,465.0,0.21,0.19,0.2,-0.030000001,-12.5,11.0,2555,0.398443515625,False,REGULAR,USD,put
SPY250221P00470000,2025-01-22 20:53:56+00:00,470.0,0.25,0.2,0.21,0.0,0.0,216.0,151713,0.38672488281249995,False,REGULAR,USD,put
SPY250221P00475000,2025-01-23 16:22:59+00:00,475.0,0.22,0.21,0.22,-0.03999999,-15.384612,11.0,2371,0.37476211181640623,False,REGULAR,USD,put
SPY250221P00480000,2025-01-23 16:18:05+00:00,480.0,0.23,0.22,0.23,-0.049999997,-17.857141,2045.0,20696,0.3627993408203125,False,REGULAR,USD,put
SPY250221P00485000,2025-01-23 16:01:21+00:00,485.0,0.25,0.24,0.25,-0.03999999,-13.7931,1.0,2024,0.352545537109375,False,REGULAR,USD,put
SPY250221P00490000,2025-01-23 16:10:20+00:00,490.0,0.25,0.25,0.26,-0.060000002,-19.35484,59.0,4487,0.34009448974609374,False,REGULAR,USD,put
SPY250221P00495000,2025-01-23 15:54:50+00:00,495.0,0.27,0.27,0.28,-0.049999982,-15.624994,12.0,5869,0.3293524096679687,False,REGULAR,USD,put
SPY250221P00500000,2025-01-23 16:55:15+00:00,500.0,0.28,0.28,0.29,-0.06999999,-18.918917,2460.0,98763,0.31690136230468746,False,REGULAR,USD,put
SPY250221P00505000,2025-01-23 16:53:11+00:00,505.0,0.31,0.3,0.31,-0.050000012,-14.285716,14.0,14973,0.305671005859375,False,REGULAR,USD,put
SPY250221P00510000,2025-01-23 16:34:14+00:00,510.0,0.33,0.32,0.32,-0.059999973,-15.384608,38.0,92392,0.29273168212890616,False,REGULAR,USD,put
SPY250221P00515000,2025-01-23 16:43:02+00:00,515.0,0.34,0.34,0.35,-0.060000002,-15.0,15.0,9531,0.28247787841796873,False,REGULAR,USD,put
SPY250221P00520000,2025-01-23 16:36:06+00:00,520.0,0.36,0.36,0.37,-0.06999999,-16.279068,47.0,119542,0.270515107421875,False,REGULAR,USD,put
SPY250221P00525000,2025-01-23 15:58:58+00:00,525.0,0.4,0.38,0.39,-0.060000002,-13.043478,1.0,55965,0.25830819824218754,False,REGULAR,USD,put
SPY250221P00526000,2025-01-22 20:21:53+00:00,526.0,0.45,0.38,0.4,0.0,0.0,19.0,2183,0.2564771618652344,False,REGULAR,USD,put
SPY250221P00527000,2025-01-22 20:53:56+00:00,527.0,0.47,0.4,0.4,0.0,0.0,22.0,1097,0.2536695727539063,False,REGULAR,USD,put
SPY250221P00528000,2025-01-22 20:53:56+00:00,528.0,0.48,0.4,0.41,0.0,0.0,15.0,1626,0.25171646728515623,False,REGULAR,USD,put
SPY250221P00529000,2025-01-23 16:45:16+00:00,529.0,0.41,0.41,0.41,-0.06999999,-14.583332,12.0,1317,0.24878680908203127,False,REGULAR,USD,put
SPY250221P00530000,2025-01-23 16:44:26+00:00,530.0,0.42,0.41,0.42,-0.060000002,-12.5,32.0,16656,0.24695577270507812,False,REGULAR,USD,put
SPY250221P00531000,2025-01-22 20:53:56+00:00,531.0,0.5,0.42,0.43,0.0,0.0,30.0,791,0.24500266723632813,False,REGULAR,USD,put
SPY250221P00532000,2025-01-23 15:11:03+00:00,532.0,0.46,0.43,0.43,-0.049999982,-9.803918,2.0,1736,0.242195078125,False,REGULAR,USD,put
SPY250221P00533000,2025-01-23 16:20:39+00:00,533.0,0.45,0.43,0.44,-0.050000012,-10.000002,3.0,996,0.2401199035644531,False,REGULAR,USD,put
SPY250221P00534000,2025-01-23 16:23:31+00:00,534.0,0.44,0.44,0.45,-0.07999998,-15.384612,33.0,865,0.23804472900390622,False,REGULAR,USD,put
SPY250221P00535000,2025-01-23 16:54:21+00:00,535.0,0.45,0.44,0.45,-0.07999998,-15.0943365,31.0,9987,0.2352371398925781,False,REGULAR,USD,put
SPY250221P00536000,2025-01-23 16:02:07+00:00,536.0,0.46,0.45,0.47,-0.08000001,-14.8148155,13.0,778,0.23401644897460935,False,REGULAR,USD,put
SPY250221P00537000,2025-01-23 15:31:55+00:00,537.0,0.5,0.46,0.47,-0.050000012,-9.090911,4.0,2384,0.2310867907714844,False,REGULAR,USD,put
SPY250221P00538000,2025-01-22 20:53:56+00:00,538.0,0.53,0.47,0.48,-0.030000031,-5.357148,1.0,1572,0.22901161621093752,False,REGULAR,USD,put
SPY250221P00539000,2025-01-22 20:53:56+00:00,539.0,0.57,0.48,0.49,0.0,0.0,23.0,1549,0.2269364416503906,False,REGULAR,USD,put
SPY250221P00540000,2025-01-23 16:51:30+00:00,540.0,0.49,0.48,0.49,-0.099999964,-16.949146,495.0,23130,0.22400678344726557,False,REGULAR,USD,put
SPY250221P00541000,2025-01-23 15:04:58+00:00,541.0,0.54,0.5,0.51,-0.049999952,-8.474568,1.0,1016,0.22266402343749997,False,REGULAR,USD,put
SPY250221P00542000,2025-01-22 20:53:56+00:00,542.0,0.57,0.51,0.51,-0.030000031,-5.000005,4.0,3068,0.2196122961425781,False,REGULAR,USD,put
SPY250221P00543000,2025-01-23 16:45:17+00:00,543.0,0.51,0.51,0.52,-0.100000024,-16.393446,238.0,2018,0.21741505249023438,False,REGULAR,USD,put
SPY250221P00544000,2025-01-23 16:27:46+00:00,544.0,0.54,0.52,0.53,-0.07999998,-12.903223,11.0,1486,0.21521780883789063,False,REGULAR,USD,put
SPY250221P00545000,2025-01-23 16:44:49+00:00,545.0,0.53,0.53,0.55,-0.09000003,-14.516135,464.0,14638,0.21375297973632812,False,REGULAR,USD,put
SPY250221P00546000,2025-01-23 14:45:25+00:00,546.0,0.57,0.54,0.55,-0.07999998,-12.30769,3.0,2276,0.21070125244140625,False,REGULAR,USD,put
SPY250221P00547000,2025-01-23 16:03:21+00:00,547.0,0.56,0.56,0.57,-0.100000024,-15.151518,35.0,1219,0.20911435424804684,False,REGULAR,USD,put
SPY250221P00548000,2025-01-23 15:44:21+00:00,548.0,0.59,0.58,0.59,-0.09000003,-13.2353,180.0,18318,0.20752745605468748,False,REGULAR,USD,put
SPY250221P00549000,2025-01-23 15:36:31+00:00,549.0,0.59,0.58,0.59,-0.100000024,-14.492757,235.0,1316,0.20447572875976558,False,REGULAR,USD,put
SPY250221P00550000,2025-01-23 16:45:19+00:00,550.0,0.6,0.6,0.61,-0.099999964,-14.285709,11178.0,91013,0.20276676147460934,False,REGULAR,USD,put
SPY250221P00551000,2025-01-23 14:45:25+00:00,551.0,0.66,0.61,0.63,-0.06999999,-9.58904,1.0,22898,0.20093572509765623,False,REGULAR,USD,put
SPY250221P00552000,2025-01-23 16:49:10+00:00,552.0,0.62,0.63,0.64,-0.100000024,-13.888891,27.0,28350,0.19849434326171872,False,REGULAR,USD,put
SPY250221P00553000,2025-01-23 15:51:09+00:00,553.0,0.66,0.64,0.65,-0.099999964,-13.15789,3.0,9838,0.19605296142578127,False,REGULAR,USD,put
SPY250221P00554000,2025-01-23 16:51:13+00:00,554.0,0.66,0.67,0.68,-0.119999945,-15.384608,51.0,22128,0.1947102014160156,False,REGULAR,USD,put
SPY250221P00555000,2025-01-23 16:53:09+00:00,555.0,0.69,0.69,0.7,-0.089999974,-11.688309,176.0,21816,0.19275709594726562,False,REGULAR,USD,put
SPY250221P00556000,2025-01-23 16:36:50+00:00,556.0,0.7,0.69,0.7,-0.100000024,-12.345681,30.0,1492,0.18970536865234378,False,REGULAR,USD,put
SPY250221P00557000,2025-01-23 16:52:42+00:00,557.0,0.73,0.72,0.73,-0.120000005,-14.117646,213.0,33278,0.18824053955078124,False,REGULAR,USD,put
SPY250221P00558000,2025-01-23 16:45:17+00:00,558.0,0.73,0.74,0.75,-0.13999999,-16.091951,4.0,40404,0.18616536499023437,False,REGULAR,USD,put
SPY250221P00559000,2025-01-23 15:49:55+00:00,559.0,0.77,0.76,0.77,-0.120000005,-13.483147,43.0,27188,0.1840901904296875,False,REGULAR,USD,put
SPY250221P00560000,2025-01-23 16:54:30+00:00,560.0,0.79,0.79,0.8,-0.109999955,-12.359547,192.0,35395,0.18238122314453126,False,REGULAR,USD,put
SPY250221P00561000,2025-01-23 16:44:46+00:00,561.0,0.81,0.8,0.81,-0.13999999,-14.73684,61.0,24249,0.179695703125,False,REGULAR,USD,put
SPY250221P00562000,2025-01-23 16:53:07+00:00,562.0,0.84,0.84,0.85,-0.14000005,-14.432994,30.0,25882,0.17841397766113282,False,REGULAR,USD,put
SPY250221P00563000,2025-01-23 16:45:26+00:00,563.0,0.85,0.86,0.87,-0.14999998,-14.999998,145.0,3458,0.17609466491699222,False,REGULAR,USD,put
SPY250221P00564000,2025-01-22 20:56:15+00:00,564.0,0.92,0.89,0.9,-0.089999974,-8.910889,11.0,2438,0.17420259399414065,False,REGULAR,USD,put
SPY250221P00565000,2025-01-23 16:53:07+00:00,565.0,0.93,0.93,0.94,-0.12999994,-12.264145,736.0,47705,0.17273776489257814,False,REGULAR,USD,put
SPY250221P00566000,2025-01-23 16:52:44+00:00,566.0,0.97,0.95,0.97,-0.120000005,-11.009174,7.0,2557,0.1706625903320313,False,REGULAR,USD,put
SPY250221P00567000,2025-01-23 15:58:38+00:00,567.0,1.01,0.99,1.0,-0.120000005,-10.619469,4.0,8467,0.16858741577148442,False,REGULAR,USD,put
SPY250221P00568000,2025-01-23 16:25:41+00:00,568.0,1.04,1.03,1.04,-0.1500001,-12.605049,42.0,26078,0.16687844848632816,False,REGULAR,USD,put
SPY250221P00569000,2025-01-23 16:52:44+00:00,569.0,1.08,1.06,1.07,-0.15999997,-12.903223,96.0,2496,0.16468120483398438,False,REGULAR,USD,put
SPY250221P00570000,2025-01-23 16:52:25+00:00,570.0,1.13,1.11,1.12,-0.13,-10.31746,15984.0,90135,0.16315534118652347,False,REGULAR,USD,put
SPY250221P00571000,2025-01-23 15:56:30+00:00,571.0,1.18,1.15,1.17,-0.120000005,-9.230769,19.0,3133,0.16156844299316403,False,REGULAR,USD,put
SPY250221P00572000,2025-01-23 16:34:22+00:00,572.0,1.2,1.19,1.21,-0.17999995,-13.043474,1012.0,14441,0.15949326843261719,False,REGULAR,USD,put
SPY250221P00573000,2025-01-23 16:20:39+00:00,573.0,1.22,1.25,1.26,-0.19999993,-14.084502,87.0,3243,0.1577232666015625,False,REGULAR,USD,put
SPY250221P00574000,2025-01-23 16:53:11+00:00,574.0,1.31,1.29,1.3,-0.16000009,-10.884358,75.0,2687,0.15552602294921875,False,REGULAR,USD,put
SPY250221P00575000,2025-01-23 16:38:48+00:00,575.0,1.37,1.35,1.36,-0.13999999,-9.271522,962.0,55749,0.15393912475585939,False,REGULAR,USD,put
SPY250221P00576000,2025-01-23 16:35:32+00:00,576.0,1.42,1.42,1.42,-0.20000005,-12.345681,29.0,4211,0.15223015747070315,False,REGULAR,USD,put
SPY250221P00577000,2025-01-23 16:28:51+00:00,577.0,1.47,1.47,1.48,-0.22000003,-13.017754,18.0,4081,0.15039912109375003,False,REGULAR,USD,put
SPY250221P00578000,2025-01-23 16:48:22+00:00,578.0,1.53,1.53,1.54,-0.19000006,-11.0465145,150.0,5945,0.14850705017089844,False,REGULAR,USD,put
SPY250221P00579000,2025-01-23 16:35:15+00:00,579.0,1.62,1.62,1.64,-0.16999996,-9.497205,23.0,2728,0.1475915319824219,False,REGULAR,USD,put
SPY250221P00580000,2025-01-23 16:48:56+00:00,580.0,1.66,1.69,1.7,-0.26,-13.541667,2561.0,75026,0.14545532287597657,False,REGULAR,USD,put
SPY250221P00581000,2025-01-23 16:33:08+00:00,581.0,1.76,1.77,1.78,-0.24000001,-12.0,25.0,4623,0.14380739013671873,False,REGULAR,USD,put
SPY250221P00582000,2025-01-23 16:55:02+00:00,582.0,1.85,1.83,1.85,-0.19999993,-10.050248,27.0,5133,0.14173221557617188,False,REGULAR,USD,put
SPY250221P00583000,2025-01-23 16:53:09+00:00,583.0,1.95,1.93,1.95,-0.25,-11.363636,63.0,3167,0.1403284210205078,False,REGULAR,USD,put
SPY250221P00584000,2025-01-23 16:52:42+00:00,584.0,2.05,2.05,2.07,-0.25,-10.869565,556.0,5470,0.13922979919433598,False,REGULAR,USD,put
SPY250221P00585000,2025-01-23 16:54:08+00:00,585.0,2.14,2.13,2.15,-0.26999998,-11.440678,711.0,42811,0.13706307281494146,False,REGULAR,USD,put
SPY250221P00586000,2025-01-23 16:54:37+00:00,586.0,2.24,2.23,2.24,-0.28999996,-11.599998,170.0,2940,0.13501841552734378,False,REGULAR,USD,put
SPY250221P00587000,2025-01-23 16:53:07+00:00,587.0,2.37,2.34,2.36,-0.2900002,-10.902263,216.0,4996,0.1334925518798828,False,REGULAR,USD,put
SPY250221P00588000,2025-01-23 16:22:54+00:00,588.0,2.53,2.47,2.49,-0.26,-9.318996,159.0,9070,0.1320277227783203,False,REGULAR,USD,put
SPY250221P00589000,2025-01-23 16:50:15+00:00,589.0,2.55,2.61,2.63,-0.3800001,-12.969287,70.0,2286,0.13062392822265623,False,REGULAR,USD,put
SPY250221P00590000,2025-01-23 16:54:31+00:00,590.0,2.74,2.73,2.75,-0.31999993,-10.42345,7490.0,39352,0.12867082275390623,False,REGULAR,USD,put
SPY250221P00591000,2025-01-23 16:52:30+00:00,591.0,2.93,2.89,2.91,-0.24000001,-7.5709777,46.0,3619,0.12732806274414063,False,REGULAR,USD,put
SPY250221P00592000,2025-01-23 16:52:16+00:00,592.0,3.09,3.03,3.05,-0.25,-7.48503,117.0,3963,0.12543599182128906,False,REGULAR,USD,put
SPY250221P00593000,2025-01-23 16:51:11+00:00,593.0,3.2,3.18,3.2,-0.37999988,-10.614522,250.0,5889,0.1235439208984375,False,REGULAR,USD,put
SPY250221P00594000,2025-01-23 16:50:17+00:00,594.0,3.3,3.41,3.43,-0.47000003,-12.466845,103.0,3329,0.12293357543945313,False,REGULAR,USD,put
SPY250221P00595000,2025-01-23 16:54:08+00:00,595.0,3.56,3.55,3.57,-0.4100001,-10.327457,5454.0,33662,0.12049219360351562,False,REGULAR,USD,put
SPY250221P00596000,2025-01-23 16:54:08+00:00,596.0,3.76,3.74,3.76,-0.37999988,-9.429278,122.0,3109,0.11878322631835936,False,REGULAR,USD,put
SPY250221P00597000,2025-01-23 16:45:58+00:00,597.0,3.85,3.98,4.01,-0.48000002,-11.08545,121.0,3234,0.1178677081298828,False,REGULAR,USD,put
SPY250221P00598000,2025-01-23 16:47:16+00:00,598.0,4.17,4.17,4.2,-0.5,-10.706638,566.0,2663,0.1157314990234375,False,REGULAR,USD,put
SPY250221P00599000,2025-01-23 16:46:50+00:00,599.0,4.38,4.41,4.44,-0.50999975,-10.429443,383.0,4780,0.11417511810302736,False,REGULAR,USD,put
SPY250221P00600000,2025-01-23 16:54:30+00:00,600.0,4.67,4.66,4.68,-0.5,-9.67118,5317.0,34231,0.11240511627197264,False,REGULAR,USD,put
SPY250221P00601000,2025-01-23 16:52:39+00:00,601.0,5.0,4.95,4.98,-0.3699999,-6.890128,143.0,1710,0.11133701171874999,False,REGULAR,USD,put
SPY250221P00602000,2025-01-23 16:53:36+00:00,602.0,5.23,5.21,5.24,-0.4699998,-8.24561,152.0,3163,0.10938390625,False,REGULAR,USD,put
SPY250221P00603000,2025-01-23 16:45:10+00:00,603.0,5.45,5.51,5.54,-0.6300001,-10.361844,243.0,1438,0.10776649078369141,False,REGULAR,USD,put
SPY250221P00604000,2025-01-23 16:52:43+00:00,604.0,5.91,5.83,5.86,-0.5500002,-8.513935,121.0,1125,0.10621010986328125,False,REGULAR,USD,put
SPY250221P00605000,2025-01-23 16:54:30+00:00,605.0,6.18,6.17,6.2,-0.61000013,-8.983802,2076.0,31257,0.10465372894287109,False,REGULAR,USD,put
SPY250221P00606000,2025-01-23 16:54:43+00:00,606.0,6.55,6.52,6.55,-0.63999987,-9.014083,1241.0,1472,0.10294476165771484,False,REGULAR,USD,put
SPY250221P00607000,2025-01-23 16:53:18+00:00,607.0,6.97,6.92,6.94,-0.6300001,-8.289475,630.0,1872,0.10147993255615234,False,REGULAR,USD,put
SPY250221P00608000,2025-01-23 16:49:59+00:00,608.0,7.21,7.31,7.33,-0.75999975,-9.535756,215.0,3996,0.09974044799804688,True,REGULAR,USD,put
SPY250221P00609000,2025-01-23 16:08:21+00:00,609.0,7.91,7.74,7.76,-0.52999973,-6.279618,121.0,763,0.09821458435058594,True,REGULAR,USD,put
SPY250221P00610000,2025-01-23 16:52:43+00:00,610.0,8.3,8.24,8.27,-0.65999985,-7.36607,925.0,15105,0.0975126870727539,True,REGULAR,USD,put
SPY250221P00611000,2025-01-23 16:45:29+00:00,611.0,8.45,8.67,8.7,-0.64000034,-7.040707,315.0,522,0.09525440887451173,True,REGULAR,USD,put
SPY250221P00612000,2025-01-23 15:38:04+00:00,612.0,9.0,9.07,9.3,-0.8000002,-8.163267,15.0,714,0.09516285705566407,True,REGULAR,USD,put
SPY250221P00613000,2025-01-22 20:59:50+00:00,613.0,10.42,9.55,9.91,0.0,0.0,27.0,592,0.09485768432617189,True,REGULAR,USD,put
SPY250221P00614000,2025-01-23 16:46:40+00:00,614.0,9.63,10.1,10.48,-0.80999947,-7.758616,6.0,993,0.0935759588623047,True,REGULAR,USD,put
SPY250221P00615000,2025-01-23 16:45:22+00:00,615.0,10.6,10.71,11.07,-1.1700001,-9.940527,102.0,2567,0.09220268157958984,True,REGULAR,USD,put
SPY250221P00616000,2025-01-23 15:16:43+00:00,616.0,11.35,11.24,11.73,-3.0199995,-21.016,3.0,8,0.0915007843017578,True,REGULAR,USD,put
SPY250221P00617000,2025-01-23 15:13:08+00:00,617.0,13.09,11.66,12.41,0.13000011,1.0030873,6.0,10,0.09076836975097656,True,REGULAR,USD,put
SPY250221P00618000,2025-01-22 16:23:38+00:00,618.0,13.35,12.59,13.08,0.0,0.0,2.0,4,0.08942560974121094,True,REGULAR,USD,put
SPY250221P00619000,2025-01-22 20:44:26+00:00,619.0,13.98,13.03,13.75,0.0,0.0,2.0,5,0.08759457336425781,True,REGULAR,USD,put
SPY250221P00620000,2025-01-23 16:32:34+00:00,620.0,14.17,13.85,14.44,-1.1300001,-7.385622,110.0,5064,0.08551939880371096,True,REGULAR,USD,put
SPY250221P00621000,2025-01-23 16:01:01+00:00,621.0,15.18,14.52,15.18,-8.699999,-36.432156,2.0,2,0.08390198333740237,True,REGULAR,USD,put
SPY250221P00622000,2025-01-17 21:06:47+00:00,622.0,24.84,15.18,15.97,0.0,0.0,104.0,52,0.08283387878417971,True,REGULAR,USD,put
SPY250221P00623000,2025-01-23 16:32:09+00:00,623.0,16.39,15.96,16.88,-1.0799999,-6.182026,3.0,16,0.08417663879394534,True,REGULAR,USD,put
SPY250221P00624000,2025-01-22 20:38:37+00:00,624.0,17.75,16.72,17.69,0.0,0.0,19.0,19,0.08265077514648439,True,REGULAR,USD,put
SPY250221P00625000,2025-01-22 19:34:43+00:00,625.0,18.55,17.8,18.46,0.0,0.0,11.0,44,0.07917180603027345,True,REGULAR,USD,put
SPY250221P00630000,2025-01-23 15:00:36+00:00,630.0,23.8,22.35,23.0,0.19999886,0.84745276,14.0,114,0.07373973144531251,True,REGULAR,USD,put
SPY250221P00635000,2025-01-22 19:35:31+00:00,635.0,28.02,27.07,27.73,0.0,0.0,3.0,3,1.0000000000000003e-05,True,REGULAR,USD,put
SPY250221P00640000,2025-01-22 15:50:24+00:00,640.0,33.1,32.12,32.95,0.0,0.0,5.0,4,0.0942473388671875,True,REGULAR,USD,put
SPY250221P00645000,2025-01-14 20:53:31+00:00,645.0,63.57,37.07,38.1,0.0,0.0,1.0,0,0.11805081176757812,True,REGULAR,USD,put
SPY250221P00650000,2025-01-22 17:04:01+00:00,650.0,43.75,42.14,42.94,1.3199997,3.1110055,1.0,75,0.11597563720703125,True,REGULAR,USD,put
SPY250221P00655000,2025-01-21 14:30:00+00:00,655.0,52.36,47.1,49.13,0.0,0.0,1.0,0,0.19214675048828128,True,REGULAR,USD,put
SPY250221P00660000,2025-01-21 20:19:20+00:00,660.0,57.58,51.11,53.21,0.0,0.0,1.0,0,0.16199568481445312,True,REGULAR,USD,put
SPY250221P00670000,2025-01-22 20:35:57+00:00,670.0,62.7,62.01,63.26,0.0,0.0,2.0,3,0.18909502319335939,True,REGULAR,USD,put
SPY250221P00695000,2025-01-21 20:06:48+00:00,695.0,92.76,86.03,89.17,0.0,0.0,2.0,1,0.29968962036132807,True,REGULAR,USD,put
SPY250221P00700000,2025-01-22 20:35:57+00:00,700.0,92.7,91.1,94.12,0.0,0.0,1.0,1,0.30951618225097655,True,REGULAR,USD,put
SPY250221P00705000,2025-01-22 20:35:57+00:00,705.0,97.72,96.02,98.23,0.0,0.0,1.0,0,0.26343510009765625,True,REGULAR,USD,put
SPY250221P00750000,2024-12-19 18:15:37+00:00,750.0,162.5,152.08,153.32,0.0,0.0,2.0,0,0.6942169250488281,True,REGULAR,USD,put
SPY250221P00800000,2024-12-27 20:26:24+00:00,800.0,204.95,191.1,194.15,0.0,0.0,314.0,0,0.5241746801757812,True,REGULAR,USD,put
