contractSymbol,lastTradeDate,strike,lastPrice,bid,ask,change,percentChange,volume,openInterest,impliedVolatility,type,expirationDate,midprice,smoothed_midprice
SPY250221C00300000,2025-01-21 16:14:16+00:00,300.0,302.22,308.01,308.76,0.0,0.0,10.0,828,1.2155800939941406,call,2025-02-21,308.385,298.0918466222637
SPY250221C00305000,2025-01-16 19:29:17+00:00,305.0,289.01,302.88,303.7,0.0,0.0,31.0,282,1.1743205346679688,call,2025-02-21,303.28999999999996,296.4995899870288
SPY250221C00310000,2025-01-17 19:37:11+00:00,310.0,290.01,298.1,298.87,0.0,0.0,16.0,26,1.1796916015625,call,2025-02-21,298.485,293.4031221976162
SPY250221C00315000,2025-01-16 19:26:06+00:00,315.0,278.78,293.1,293.89,0.0,0.0,14.0,259,1.1557659399414062,call,2025-02-21,293.495,288.95280575960896
SPY250221C00320000,2025-01-21 18:34:04+00:00,320.0,284.03,288.15,288.94,0.0,0.0,6.0,154,1.1379437634277343,call,2025-02-21,288.54499999999996,283.324918490718
SPY250221C00330000,2024-12-30 17:58:46+00:00,330.0,263.12,277.93,278.94,0.0,0.0,148.0,151,1.0742233789062503,call,2025-02-21,278.435,276.69636458081766
SPY250221C00335000,2024-12-30 17:49:43+00:00,335.0,259.11,273.17,273.97,0.0,0.0,148.0,148,1.0683640332031252,call,2025-02-21,273.57000000000005,269.2403084370618
SPY250221C00345000,2024-12-30 17:34:34+00:00,345.0,248.43,263.06,263.99,0.0,0.0,148.0,148,1.015874061279297,call,2025-02-21,263.525,261.1432863332245
SPY250221C00350000,2025-01-22 14:53:44+00:00,350.0,257.64,258.08,259.01,0.0,0.0,3.0,149,0.9953613745117188,call,2025-02-21,258.54499999999996,252.6250182452497
SPY250221C00370000,2024-12-30 17:12:54+00:00,370.0,223.08,238.26,239.05,0.0,0.0,74.0,75,0.918946123046875,call,2025-02-21,238.655,243.94346045455336
SPY250221C00375000,2024-12-30 17:11:16+00:00,375.0,218.07,233.42,234.07,0.0,0.0,74.0,77,0.9064950756835936,call,2025-02-21,233.745,235.37321076737638
SPY250221C00385000,2025-01-13 15:24:30+00:00,385.0,193.88,223.41,224.16,0.0,0.0,40.0,115,0.8673108972167969,call,2025-02-21,223.785,227.1636771500822
SPY250221C00395000,2025-01-13 16:56:35+00:00,395.0,183.74,213.31,214.08,0.0,0.0,10.0,167,0.8164080859374999,call,2025-02-21,213.695,219.49415250113293
SPY250221C00400000,2025-01-22 17:29:31+00:00,400.0,209.4,208.49,209.22,0.0,0.0,3.0,20,0.8105487695312499,call,2025-02-21,208.85500000000002,212.44581371651213
SPY250221C00405000,2025-01-21 19:43:52+00:00,405.0,198.8,203.57,204.25,0.0,0.0,73.0,48,0.7946797875976561,call,2025-02-21,203.91,206.00130145099092
SPY250221C00410000,2025-01-21 19:47:58+00:00,410.0,193.62,198.62,199.27,0.0,0.0,39.0,26,0.7768577001953125,call,2025-02-21,198.945,200.06975478324273
SPY250221C00415000,2025-01-07 20:52:02+00:00,415.0,176.12,193.57,194.32,0.0,0.0,1.0,76,0.7564721618652344,call,2025-02-21,193.945,194.5248520975481
SPY250221C00420000,2024-12-30 15:25:50+00:00,420.0,168.2,188.67,189.32,0.0,0.0,2.0,8,0.7402369726562499,call,2025-02-21,188.995,189.24053424751222
SPY250221C00425000,2025-01-17 15:00:22+00:00,425.0,173.97,183.66,184.34,0.0,0.0,15.0,20,0.7204617797851562,call,2025-02-21,184.0,184.11423944017395
SPY250221C00430000,2025-01-21 16:07:21+00:00,430.0,172.77,178.67,179.29,0.0,0.0,5.0,48,0.6989776196289064,call,2025-02-21,178.98,179.0746800197782
SPY250221C00435000,2025-01-16 18:25:23+00:00,435.0,160.49,173.7,174.34,0.0,0.0,7.0,24,0.6821320849609377,call,2025-02-21,174.01999999999998,174.07884952359467
SPY250221C00440000,2025-01-22 15:11:46+00:00,440.0,168.6,168.78,169.42,0.0,0.0,1.0,881,0.668094139404297,call,2025-02-21,169.1,169.1032450405807
SPY250221C00445000,2025-01-23 14:53:07+00:00,445.0,163.09,163.78,164.51,12.639999,8.401463,3.0,29,0.651492742919922,call,2025-02-21,164.14499999999998,164.13606140007542
SPY250221C00450000,2025-01-22 16:47:11+00:00,450.0,159.38,158.8,159.47,0.0,0.0,2.0,82,0.6313513427734375,call,2025-02-21,159.135,159.17070434332237
SPY250221C00455000,2025-01-17 20:01:59+00:00,455.0,145.11,153.92,154.63,0.0,0.0,4.0,60,0.6208534008789064,call,2025-02-21,154.27499999999998,154.20383278501347
SPY250221C00460000,2025-01-17 19:38:57+00:00,460.0,140.89,149.13,149.52,0.0,0.0,25.0,102,0.6044351080322268,call,2025-02-21,149.325,149.2337335358148
SPY250221C00465000,2025-01-17 16:47:26+00:00,465.0,135.82,143.92,144.56,0.0,0.0,1.0,28,0.5800823242187501,call,2025-02-21,144.24,144.2602161090044
SPY250221C00470000,2025-01-23 14:54:00+00:00,470.0,138.14,138.96,139.59,7.25,5.5390024,4.0,55,0.5629926513671876,call,2025-02-21,139.275,139.28478077840722
SPY250221C00475000,2025-01-17 16:03:48+00:00,475.0,125.17,133.97,134.61,0.0,0.0,3.0,54,0.5448043566894532,call,2025-02-21,134.29000000000002,134.31014198733266
SPY250221C00480000,2025-01-17 20:34:36+00:00,480.0,120.43,129.0,129.65,0.0,0.0,5.0,88,0.5277757183837892,call,2025-02-21,129.325,129.34028818457568
SPY250221C00485000,2025-01-13 17:00:38+00:00,485.0,93.97,123.97,124.68,0.0,0.0,39.0,65,0.5089160437011719,call,2025-02-21,124.325,124.38127690491076
SPY250221C00490000,2025-01-22 16:05:48+00:00,490.0,118.7,119.03,119.66,0.0,0.0,3.0,22,0.5067188000488281,call,2025-02-21,119.345,119.44366058960281
SPY250221C00495000,2025-01-22 16:01:09+00:00,495.0,113.56,114.09,114.71,0.0,0.0,1.0,31,0.4899342999267578,call,2025-02-21,114.4,114.54719261032861
SPY250221C00500000,2025-01-22 20:50:27+00:00,500.0,109.02,109.12,109.78,0.0,0.0,51.0,630,0.4739432489013672,call,2025-02-21,109.45,109.72756530833038
SPY250221C00505000,2025-01-22 14:55:04+00:00,505.0,103.68,104.56,104.7,0.0,0.0,3.0,673,0.4513604669189454,call,2025-02-21,104.63,105.0431485101198
SPY250221C00510000,2025-01-23 14:48:30+00:00,510.0,98.53,99.6,99.73,0.19000244,0.19320972,1.0,982,0.4337214831542969,call,2025-02-21,99.66499999999999,100.57714274839043
SPY250221C00515000,2025-01-22 17:20:12+00:00,515.0,95.08,94.33,94.85,0.0,0.0,2.0,296,0.4196225030517578,call,2025-02-21,94.59,96.43033206106197
SPY250221C00520000,2025-01-21 16:11:51+00:00,520.0,83.21,89.68,89.82,0.0,0.0,5.0,411,0.399420068359375,call,2025-02-21,89.75,92.70243958404043
SPY250221C00525000,2025-01-22 14:59:05+00:00,525.0,83.97,84.68,84.82,0.0,0.0,1.0,356,0.3804993591308593,call,2025-02-21,84.75,89.46641069655251
SPY250221C00526000,2025-01-21 19:45:18+00:00,526.0,78.64,83.8,83.95,0.0,0.0,1.0,8,0.3814759118652343,call,2025-02-21,83.875,86.74577171839329
SPY250221C00527000,2025-01-16 19:26:19+00:00,527.0,68.6,82.82,82.95,0.0,0.0,2.0,198,0.3776917700195312,call,2025-02-21,82.88499999999999,84.50598363791298
SPY250221C00528000,2025-01-07 14:54:16+00:00,528.0,73.01,81.75,81.89,0.0,0.0,1.0,663,0.3716493499755859,call,2025-02-21,81.82,82.66460601444439
SPY250221C00529000,2025-01-03 14:41:48+00:00,529.0,65.27,80.66,80.79,0.0,0.0,5.0,203,0.3642031353759766,call,2025-02-21,80.725,81.11565544616806
SPY250221C00530000,2025-01-23 15:22:03+00:00,530.0,78.4,79.77,79.9,-1.0,-1.2594458,1.0,387,0.3643862390136719,call,2025-02-21,79.83500000000001,79.75714175455414
SPY250221C00531000,2025-01-08 15:56:51+00:00,531.0,61.94,78.86,78.99,0.0,0.0,2.0,1,0.3637758935546875,call,2025-02-21,78.925,78.51082497442505
SPY250221C00533000,2025-01-17 15:16:47+00:00,533.0,67.22,76.78,76.92,0.0,0.0,7.0,325,0.3537051934814452,call,2025-02-21,76.85,77.32886634000991
SPY250221C00534000,2025-01-03 20:30:01+00:00,534.0,62.83,75.76,75.88,0.0,0.0,24.0,332,0.3485172570800781,call,2025-02-21,75.82,76.1889402803777
SPY250221C00535000,2025-01-23 15:39:03+00:00,535.0,73.87,74.87,75.0,-0.4399948,-0.5921072,4.0,201,0.3488224298095703,call,2025-02-21,74.935,75.08367745593236
SPY250221C00536000,2025-01-17 17:59:25+00:00,536.0,66.04,73.83,73.97,0.0,0.0,1.0,204,0.3440007006835937,call,2025-02-21,73.9,74.01061172182584
SPY250221C00537000,2025-01-10 15:11:28+00:00,537.0,48.32,72.74,72.87,0.0,0.0,1.0,103,0.3367375897216796,call,2025-02-21,72.805,72.96624812984102
SPY250221C00538000,2025-01-10 15:11:28+00:00,538.0,47.41,71.84,71.97,0.0,0.0,1.0,105,0.3363103479003906,call,2025-02-21,71.905,71.9446148144186
SPY250221C00539000,2025-01-21 18:06:50+00:00,539.0,66.23,70.95,71.08,0.0,0.0,2.0,25,0.3361272442626953,call,2025-02-21,71.015,70.93858654843166
SPY250221C00540000,2025-01-23 16:44:42+00:00,540.0,70.02,69.84,69.98,-0.3199997,-0.45493278,5.0,995,0.328986202392578,call,2025-02-21,69.91,69.94175164430159
SPY250221C00541000,2025-01-10 15:11:28+00:00,541.0,44.7,68.88,69.01,0.0,0.0,1.0,398,0.3261175787353515,call,2025-02-21,68.945,68.9497452405599
SPY250221C00542000,2025-01-08 19:12:31+00:00,542.0,51.98,67.91,68.04,0.0,0.0,1.0,352,0.3232489550781249,call,2025-02-21,67.975,67.96026747281242
SPY250221C00543000,2025-01-08 19:12:31+00:00,543.0,51.05,66.87,67.0,0.0,0.0,1.0,544,0.3181220532226562,call,2025-02-21,66.935,66.9724929188132
SPY250221C00544000,2025-01-21 19:36:46+00:00,544.0,60.95,65.89,66.03,0.0,0.0,1.0,10,0.3152534295654295,call,2025-02-21,65.96000000000001,65.98626164507311
SPY250221C00545000,2025-01-23 16:44:42+00:00,545.0,65.09,64.96,65.09,5.109997,8.519502,5.0,365,0.3133003240966796,call,2025-02-21,65.025,65.0014814012945
SPY250221C00546000,2025-01-10 15:11:28+00:00,546.0,40.27,63.93,64.06,0.0,0.0,1.0,64,0.308478594970703,call,2025-02-21,63.995000000000005,64.01789444586886
SPY250221C00547000,2025-01-22 14:55:59+00:00,547.0,62.29,62.99,63.12,0.0,0.0,6.0,140,0.3064644549560547,call,2025-02-21,63.055,63.03507331039465
SPY250221C00548000,2025-01-16 20:48:14+00:00,548.0,48.84,61.98,62.11,0.0,0.0,2.0,23,0.3022530712890625,call,2025-02-21,62.045,62.052638301162446
SPY250221C00549000,2025-01-10 16:38:46+00:00,549.0,37.18,61.02,61.15,0.0,0.0,2.0,231,0.2995675512695312,call,2025-02-21,61.085,61.070352262325336
SPY250221C00550000,2025-01-23 15:44:16+00:00,550.0,59.16,59.99,60.12,-0.84000015,-1.4000002,1.0,7569,0.294806856689453,call,2025-02-21,60.055,60.088155400787485
SPY250221C00551000,2025-01-22 20:41:03+00:00,551.0,58.84,59.06,59.19,0.0,0.0,1.0,293,0.2929758203124999,call,2025-02-21,59.125,59.10614367244859
SPY250221C00552000,2025-01-23 15:14:19+00:00,552.0,56.83,58.08,58.21,-1.8099976,-3.086626,2.0,603,0.2896189202880859,call,2025-02-21,58.144999999999996,58.12455263606728
SPY250221C00553000,2025-01-15 20:29:40+00:00,553.0,45.11,57.05,57.18,0.0,0.0,1.0,60,0.2848582257080078,call,2025-02-21,57.114999999999995,57.14366913600092
SPY250221C00554000,2025-01-08 17:31:14+00:00,554.0,38.57,56.08,56.21,0.0,0.0,1.0,30,0.2818064984130859,call,2025-02-21,56.144999999999996,56.16373549676902
SPY250221C00555000,2025-01-23 14:55:01+00:00,555.0,54.19,55.12,55.25,-0.8100014,-1.4727298,2.0,11269,0.2789989093017577,call,2025-02-21,55.185,55.18482163534279
SPY250221C00556000,2025-01-17 14:49:50+00:00,556.0,44.8,54.16,54.28,0.0,0.0,7.0,130,0.2758861474609374,call,2025-02-21,54.22,54.20669823502525
SPY250221C00557000,2025-01-17 19:59:24+00:00,557.0,45.29,53.14,53.27,0.0,0.0,1.0,215,0.2716747637939453,call,2025-02-21,53.205,53.22882231931463
SPY250221C00558000,2025-01-21 17:29:38+00:00,558.0,47.07,52.19,52.31,0.0,0.0,22.0,214,0.2688061401367187,call,2025-02-21,52.25,52.25050036718661
SPY250221C00559000,2025-01-17 20:49:50+00:00,559.0,43.34,51.23,51.36,0.0,0.0,2.0,63,0.2661816546630859,call,2025-02-21,51.295,51.27125596810515
SPY250221C00560000,2025-01-23 14:59:26+00:00,560.0,49.19,50.26,50.39,-1.2600021,-2.4975264,4.0,11823,0.2629468237304688,call,2025-02-21,50.325,50.29126636755369
SPY250221C00561000,2025-01-22 19:34:37+00:00,561.0,49.18,49.28,49.41,0.0,0.0,1.0,114,0.2594678546142578,call,2025-02-21,49.345,49.31165350485098
SPY250221C00562000,2025-01-17 20:49:50+00:00,562.0,40.54,48.27,48.4,0.0,0.0,2.0,213,0.2551954364013672,call,2025-02-21,48.335,48.33431270975603
SPY250221C00563000,2025-01-17 20:50:34+00:00,563.0,39.42,46.76,47.56,0.0,0.0,11.0,103,0.2552869882202149,call,2025-02-21,47.16,47.36130086671004
SPY250221C00564000,2025-01-21 18:14:48+00:00,564.0,42.19,46.36,46.48,0.0,0.0,1.0,141,0.2491835336303711,call,2025-02-21,46.42,46.394029592369094
SPY250221C00565000,2025-01-23 15:34:38+00:00,565.0,44.35,45.35,45.48,-0.5699997,-1.2689219,4.0,10359,0.245124736328125,call,2025-02-21,45.415,45.43274634590314
SPY250221C00566000,2025-01-17 18:59:27+00:00,566.0,37.04,44.39,44.52,0.0,0.0,4.0,120,0.2420424917602539,call,2025-02-21,44.455,44.47654281693623
SPY250221C00567000,2025-01-22 14:54:10+00:00,567.0,42.53,43.49,43.61,0.0,0.0,1.0,187,0.2401809381103515,call,2025-02-21,43.55,43.523816535915444
SPY250221C00568000,2025-01-22 19:18:53+00:00,568.0,42.43,42.49,42.61,0.0,0.0,6.0,206,0.2360305889892577,call,2025-02-21,42.55,42.572901514043906
SPY250221C00569000,2025-01-22 16:38:05+00:00,569.0,41.96,41.56,41.7,0.0,0.0,53.0,140,0.2340774835205077,call,2025-02-21,41.63,41.62253097034631
SPY250221C00570000,2025-01-22 20:37:01+00:00,570.0,40.8,40.62,40.74,0.29999924,0.74073887,1.0,1113,0.2308426525878906,call,2025-02-21,40.68,40.672062483449366
SPY250221C00571000,2025-01-22 18:50:02+00:00,571.0,40.07,39.71,39.83,0.0,0.0,1.0,539,0.2287064434814453,call,2025-02-21,39.769999999999996,39.72150804865638
SPY250221C00572000,2025-01-21 18:28:16+00:00,572.0,34.66,38.65,38.77,0.0,0.0,6.0,305,0.2231522998046874,call,2025-02-21,38.71,38.77142589940965
SPY250221C00573000,2025-01-22 15:03:35+00:00,573.0,37.23,37.77,37.88,0.0,0.0,1.0,249,0.2213822979736328,call,2025-02-21,37.825,37.822727894896545
SPY250221C00574000,2025-01-22 17:44:01+00:00,574.0,37.05,36.8,36.92,0.0,0.0,52.0,337,0.2180253979492187,call,2025-02-21,36.86,36.876434587220444
SPY250221C00575000,2025-01-23 16:49:07+00:00,575.0,36.09,35.88,35.99,1.0,2.8498147,6.0,27898,0.215278843383789,call,2025-02-21,35.935,35.93343802832899
SPY250221C00576000,2025-01-22 16:33:07+00:00,576.0,35.19,34.88,34.99,0.0,0.0,4.0,544,0.2109453906249999,call,2025-02-21,34.935,34.99433717033848
SPY250221C00577000,2025-01-23 16:30:00+00:00,577.0,34.17,33.96,34.06,0.25999832,0.76673055,4.0,402,0.2081378015136718,call,2025-02-21,34.010000000000005,34.05939314262764
SPY250221C00578000,2025-01-22 20:48:01+00:00,578.0,32.82,33.14,33.25,0.0,0.0,6.0,795,0.207741076965332,call,2025-02-21,33.195,33.128673457662046
SPY250221C00579000,2025-01-23 15:25:03+00:00,579.0,30.98,32.09,32.2,-0.7900009,-2.4866254,1.0,880,0.2022784851074218,call,2025-02-21,32.145,32.202229310894666
SPY250221C00580000,2025-01-23 16:03:12+00:00,580.0,30.7,31.2,31.31,0.060001373,0.19582693,37.0,11504,0.2000812414550781,call,2025-02-21,31.255,31.28027854574527
SPY250221C00581000,2025-01-22 19:37:33+00:00,581.0,30.3,30.32,30.42,0.0,0.0,9.0,835,0.1977924459838867,call,2025-02-21,30.37,30.363250548580197
SPY250221C00582000,2025-01-23 15:37:11+00:00,582.0,28.45,29.33,29.43,-0.44999886,-1.5570894,2.0,1318,0.1934589932250977,call,2025-02-21,29.38,29.45167290887966
SPY250221C00583000,2025-01-23 15:20:42+00:00,583.0,27.31,28.47,28.57,-0.7800007,-2.7767913,3.0,1761,0.1916279568481445,call,2025-02-21,28.52,28.546013606118095
SPY250221C00584000,2025-01-23 16:30:00+00:00,584.0,27.75,27.58,27.69,-0.12999916,-0.4662811,7.0,1904,0.1893086441040039,call,2025-02-21,27.634999999999998,27.646548955776485
SPY250221C00585000,2025-01-23 16:53:18+00:00,585.0,26.69,26.69,26.78,0.6400013,2.4568188,40.0,12799,0.1863179513549804,call,2025-02-21,26.735,26.75334240171042
SPY250221C00586000,2025-01-22 20:50:33+00:00,586.0,24.72,25.76,25.86,-0.63000107,-2.4852114,2.0,1613,0.1830831204223632,call,2025-02-21,25.810000000000002,25.866285471808954
SPY250221C00587000,2025-01-23 16:43:12+00:00,587.0,24.94,24.9,25.0,-0.21999931,-0.8744011,8.0,2112,0.1808553594970703,call,2025-02-21,24.95,24.985218696213554
SPY250221C00588000,2025-01-23 16:48:27+00:00,588.0,24.23,24.09,24.18,-0.069999695,-0.2880646,13.0,4686,0.1792379440307617,call,2025-02-21,24.134999999999998,24.110061632573455
SPY250221C00589000,2025-01-22 17:14:34+00:00,589.0,23.45,23.15,23.23,0.0,0.0,187.0,1559,0.175240181274414,call,2025-02-21,23.189999999999998,23.240961627364342
SPY250221C00590000,2025-01-23 15:57:12+00:00,590.0,21.77,22.31,22.39,-0.18999863,-0.86520326,55.0,33605,0.1730429376220703,call,2025-02-21,22.35,22.378392479939386
SPY250221C00591000,2025-01-23 16:19:40+00:00,591.0,21.35,21.46,21.54,0.65999985,3.189946,47.0,2852,0.1705710385131836,call,2025-02-21,21.5,21.523162974961853
SPY250221C00592000,2025-01-23 14:32:59+00:00,592.0,19.3,20.57,20.65,-0.710001,-3.548231,20.0,3076,0.1673362075805664,call,2025-02-21,20.61,20.67632687398521
SPY250221C00593000,2025-01-23 14:42:02+00:00,593.0,19.78,19.76,19.84,0.59000015,3.0745187,5.0,2425,0.1652915502929687,call,2025-02-21,19.8,19.839012967287147
SPY250221C00594000,2025-01-23 16:54:44+00:00,594.0,18.96,18.92,18.99,0.47999954,2.5974002,21.0,2671,0.1624839611816406,call,2025-02-21,18.955,19.012278237351254
SPY250221C00595000,2025-01-23 16:54:44+00:00,595.0,18.16,18.12,18.19,0.6000004,3.438398,133.0,29897,0.1603477520751953,call,2025-02-21,18.155,18.1969896137553
SPY250221C00596000,2025-01-23 16:20:37+00:00,596.0,16.98,17.27,17.34,0.1800003,1.0714304,25.0,2634,0.1572655075073242,call,2025-02-21,17.305,17.393764169214748
SPY250221C00597000,2025-01-23 16:47:20+00:00,597.0,16.59,16.53,16.59,0.5400009,3.364492,60.0,2382,0.1556480920410156,call,2025-02-21,16.560000000000002,16.60298931509136
SPY250221C00598000,2025-01-23 16:45:15+00:00,598.0,15.7,15.74,15.8,0.5,3.2894738,43.0,2727,0.1532067102050781,call,2025-02-21,15.77,15.824909747124277
SPY250221C00599000,2025-01-23 16:28:25+00:00,599.0,14.96,14.98,15.03,0.52000046,3.6011114,23.0,3379,0.150948432006836,call,2025-02-21,15.004999999999999,15.05976946425045
SPY250221C00600000,2025-01-23 16:50:28+00:00,600.0,14.4,14.23,14.28,0.8299999,6.1164327,220.0,24595,0.1488122229003906,call,2025-02-21,14.254999999999999,14.30796248750299
SPY250221C00601000,2025-01-23 16:53:24+00:00,601.0,13.46,13.47,13.52,0.5500002,4.260265,78.0,1913,0.1463403237915039,call,2025-02-21,13.495000000000001,13.57013121063955
SPY250221C00602000,2025-01-23 16:35:55+00:00,602.0,12.81,12.76,12.81,0.5,4.0617385,56.0,6055,0.1444177355957031,call,2025-02-21,12.785,12.847168888524319
SPY250221C00603000,2025-01-23 16:51:38+00:00,603.0,11.96,12.04,12.07,0.21000004,1.7872344,65.0,3458,0.1418848019409179,call,2025-02-21,12.055,12.140144438987395
SPY250221C00604000,2025-01-23 16:51:19+00:00,604.0,11.29,11.35,11.38,0.48999977,4.537035,79.0,7759,0.1398706619262695,call,2025-02-21,11.365,11.45021367688365
SPY250221C00605000,2025-01-23 16:53:06+00:00,605.0,10.67,10.69,10.71,0.47000027,4.607846,1952.0,18383,0.1379480737304687,call,2025-02-21,10.7,10.778537674125388
SPY250221C00606000,2025-01-23 16:51:34+00:00,606.0,9.98,10.02,10.04,0.3899994,4.0667295,570.0,3038,0.1357813473510742,call,2025-02-21,10.03,10.12623477427707
SPY250221C00607000,2025-01-23 16:52:31+00:00,607.0,9.29,9.38,9.41,0.22999954,2.5386262,419.0,4011,0.1339808282470703,call,2025-02-21,9.395,9.494352984903188
SPY250221C00608000,2025-01-23 16:54:48+00:00,608.0,8.8,8.78,8.8,0.4499998,5.395681,2329.0,9787,0.1322108264160156,call,2025-02-21,8.79,8.88383293326724
SPY250221C00609000,2025-01-23 16:46:15+00:00,609.0,8.36,8.16,8.18,0.55999947,7.17948,183.0,4423,0.1300441000366211,call,2025-02-21,8.17,8.295478154854822
SPY250221C00610000,2025-01-23 16:52:10+00:00,610.0,7.54,7.63,7.65,0.26999998,3.7138925,1243.0,15544,0.1289149609375,call,2025-02-21,7.640000000000001,7.7299288075754315
SPY250221C00611000,2025-01-23 16:46:15+00:00,611.0,7.19,7.08,7.1,0.3499999,5.0505037,211.0,3767,0.1272365109252929,call,2025-02-21,7.09,7.187661016015005
SPY250221C00612000,2025-01-23 16:34:41+00:00,612.0,6.62,6.53,6.55,0.26999998,4.2519684,197.0,3064,0.1252834054565429,call,2025-02-21,6.54,6.668992338786219
SPY250221C00613000,2025-01-23 16:54:02+00:00,613.0,6.06,6.06,6.08,0.17999983,3.0612216,79.0,5055,0.1242153009033203,call,2025-02-21,6.07,6.174100854114057
SPY250221C00614000,2025-01-23 16:41:54+00:00,614.0,5.6,5.59,5.61,0.25999975,4.868909,392.0,3374,0.1228420236206054,call,2025-02-21,5.6,5.703024953877376
SPY250221C00615000,2025-01-23 16:53:25+00:00,615.0,5.13,5.14,5.16,0.22000027,4.480657,2665.0,30276,0.1214992636108398,call,2025-02-21,5.15,5.2557005706905935
SPY250221C00616000,2025-01-23 16:53:00+00:00,616.0,4.7,4.72,4.74,-0.05000019,-1.0526356,102.0,2527,0.1202785726928711,call,2025-02-21,4.73,4.831914709153969
SPY250221C00617000,2025-01-23 16:46:12+00:00,617.0,4.47,4.31,4.33,0.25,5.924171,254.0,1687,0.1189052954101562,call,2025-02-21,4.32,4.431145028702437
SPY250221C00618000,2025-01-23 16:53:06+00:00,618.0,3.95,3.94,3.95,0.17000008,4.4973564,165.0,4393,0.1176846044921875,call,2025-02-21,3.9450000000000003,4.052215838650467
SPY250221C00619000,2025-01-23 16:32:56+00:00,619.0,3.64,3.6,3.61,0.07000017,1.9607892,41.0,3517,0.1167690863037109,call,2025-02-21,3.605,3.6927735565965416
SPY250221C00620000,2025-01-23 16:55:26+00:00,620.0,3.26,3.25,3.29,0.1400001,4.487183,1356.0,17497,0.1159146026611328,call,2025-02-21,3.27,3.348765972357473
SPY250221C00621000,2025-01-23 16:45:27+00:00,621.0,3.07,2.95,2.97,0.13999987,4.7781525,172.0,3465,0.114693911743164,call,2025-02-21,2.96,3.014329310492723
SPY250221C00622000,2025-01-23 16:40:46+00:00,622.0,2.71,2.69,2.7,0.059999943,2.2641487,92.0,4866,0.1140225317382812,call,2025-02-21,2.6950000000000003,2.682597185756596
SPY250221C00623000,2025-01-23 16:53:51+00:00,623.0,2.43,2.42,2.44,0.08000016,3.4334834,148.0,3389,0.1132290826416015,call,2025-02-21,2.4299999999999997,2.3477163097636877
SPY250221C00624000,2025-01-23 16:51:32+00:00,624.0,2.16,2.18,2.2,0.07000017,3.3492906,285.0,2743,0.1124966680908203,call,2025-02-21,2.1900000000000004,2.0076664972853564
SPY250221C00625000,2025-01-23 16:52:56+00:00,625.0,1.95,1.96,1.97,0.07000005,3.723407,347.0,38672,0.1115811499023437,call,2025-02-21,1.9649999999999999,1.6666283656737493
SPY250221C00630000,2025-01-23 16:52:56+00:00,630.0,1.12,1.12,1.13,0.01999998,1.8181801,889.0,16111,0.1089566644287109,call,2025-02-21,1.125,1.335354635645146
SPY250221C00635000,2025-01-23 16:55:27+00:00,635.0,0.63,0.62,0.63,0.00999999,1.6129017,3367.0,12271,0.1076749389648437,call,2025-02-21,0.625,1.0287612063737686
SPY250221C00640000,2025-01-23 16:49:47+00:00,640.0,0.36,0.35,0.36,0.01000002,2.8571486,115.0,10138,0.1082852844238281,call,2025-02-21,0.355,0.7614787038399204
SPY250221C00645000,2025-01-23 16:23:05+00:00,645.0,0.22,0.21,0.22,0.0,0.0,45.0,5679,0.1108487353515624,call,2025-02-21,0.215,0.5433802046810683
SPY250221C00650000,2025-01-23 16:52:16+00:00,650.0,0.15,0.15,0.16,0.010000005,7.1428604,70.0,9549,0.1164639135742187,call,2025-02-21,0.155,0.3771110759005031
SPY250221C00655000,2025-01-23 16:38:59+00:00,655.0,0.11,0.11,0.12,0.0,0.0,24.0,3033,0.122079091796875,call,2025-02-21,0.11499999999999999,0.25842232649720304
SPY250221C00660000,2025-01-23 16:36:12+00:00,660.0,0.08,0.08,0.09,-0.010000005,-11.111116,30.0,2690,0.1274501318359375,call,2025-02-21,0.08499999999999999,0.17860221817497235
SPY250221C00665000,2025-01-23 16:38:35+00:00,665.0,0.08,0.07,0.08,0.0,0.0,1249.0,13353,0.1352625537109375,call,2025-02-21,0.07500000000000001,0.12750536201988
SPY250221C00670000,2025-01-23 16:38:35+00:00,670.0,0.07,0.06,0.07,0.0,0.0,6050.0,9407,0.14258669921875,call,2025-02-21,0.065,0.09589587144247064
SPY250221C00675000,2025-01-23 16:38:35+00:00,675.0,0.06,0.06,0.07,0.0,0.0,8.0,2944,0.1523522265625,call,2025-02-21,0.065,0.07659828562990537
SPY250221C00680000,2025-01-22 20:53:56+00:00,680.0,0.05,0.04,0.05,0.0,0.0,374.0,2342,0.155281884765625,call,2025-02-21,0.045,0.06463591764273588
SPY250221C00685000,2025-01-22 20:53:56+00:00,685.0,0.05,0.05,0.06,0.0,0.0,11.0,5549,0.1674887939453125,call,2025-02-21,0.055,0.056825639177642585
SPY250221C00690000,2025-01-22 20:53:56+00:00,690.0,0.04,0.05,0.06,0.0,0.0,245.0,1415,0.1762777685546875,call,2025-02-21,0.055,0.051248799924402275
SPY250221C00695000,2025-01-22 21:01:46+00:00,695.0,0.04,0.04,0.05,0.0,0.0,2165.0,4118,0.18164880859375,call,2025-02-21,0.045,0.04681713174579531
SPY250221C00700000,2025-01-23 16:52:05+00:00,700.0,0.05,0.04,0.05,0.010000002,50.00001,5.0,4333,0.1899495068359375,call,2025-02-21,0.045,0.04294709882256983
SPY250221C00705000,2025-01-23 15:32:49+00:00,705.0,0.03,0.03,0.04,0.0,0.0,1005.0,2395,0.19336744140625,call,2025-02-21,0.035,0.03938520101103127
SPY250221C00710000,2025-01-23 16:09:09+00:00,710.0,0.02,0.03,0.04,-0.01,-33.333336,1.0,3030,0.2021564160156249,call,2025-02-21,0.035,0.036062748690518634
SPY250221C00715000,2025-01-22 20:53:56+00:00,715.0,0.03,0.03,0.04,0.0,0.0,2237.0,2299,0.2099688378906249,call,2025-02-21,0.035,0.03299187695170283
SPY250221C00720000,2025-01-22 20:53:56+00:00,720.0,0.02,0.02,0.03,0.0,0.0,3989.0,5511,0.2119219433593749,call,2025-02-21,0.025,0.030195592816460257
SPY250221C00725000,2025-01-23 15:29:45+00:00,725.0,0.02,0.02,0.03,0.0,0.0,1000.0,2553,0.2197343652343749,call,2025-02-21,0.025,0.027670600557783864
SPY250221C00730000,2025-01-22 20:53:56+00:00,730.0,0.02,0.02,0.03,0.0,0.0,30.0,4942,0.2265702343749999,call,2025-02-21,0.025,0.025384187936077798
SPY250221C00735000,2025-01-22 20:53:56+00:00,735.0,0.02,0.02,0.03,0.0,0.0,30.0,2076,0.23438265625,call,2025-02-21,0.025,0.02329626936281847
SPY250221C00740000,2025-01-22 20:53:56+00:00,740.0,0.02,0.02,0.03,0.0,0.0,2077.0,5723,0.242195078125,call,2025-02-21,0.025,0.021388499490642456
SPY250221C00745000,2025-01-22 20:53:56+00:00,745.0,0.01,0.01,0.02,0.0,0.0,2075.0,2319,0.2402419726562499,call,2025-02-21,0.015,0.019680122709689628
SPY250221C00750000,2025-01-22 20:53:56+00:00,750.0,0.01,0.01,0.02,0.0,0.0,28.0,376,0.24805439453125,call,2025-02-21,0.015,0.018214222325268828
SPY250221C00755000,2025-01-22 20:53:56+00:00,755.0,0.01,0.01,0.02,0.0,0.0,29.0,378,0.2539137109375,call,2025-02-21,0.015,0.01702866386774691
SPY250221C00760000,2025-01-22 20:53:56+00:00,760.0,0.01,0.01,0.02,0.0,0.0,37.0,2248,0.2617261328125,call,2025-02-21,0.015,0.016125067050215883
SPY250221C00765000,2025-01-22 20:53:56+00:00,765.0,0.01,0.01,0.02,0.0,0.0,63.0,931,0.2695385546875,call,2025-02-21,0.015,0.015460733251104034
SPY250221C00770000,2025-01-23 16:06:30+00:00,770.0,0.01,0.01,0.02,0.0,0.0,881.0,3456,0.2753978710937499,call,2025-02-21,0.015,0.014972351043640513
SPY250221C00775000,2025-01-23 16:06:00+00:00,775.0,0.01,0.01,0.02,0.0,0.0,881.0,5705,0.2812571874999999,call,2025-02-21,0.015,0.014618782563217664
SPY250221C00780000,2025-01-22 20:53:59+00:00,780.0,0.02,0.01,0.02,0.0,0.0,38.0,483,0.2890696093749999,call,2025-02-21,0.015,0.014425969251573283
SPY250221C00785000,2025-01-22 20:57:43+00:00,785.0,0.01,0.01,0.02,0.0,0.0,36.0,604,0.2949289257812499,call,2025-02-21,0.015,0.014505565904946695
SPY250221C00790000,2025-01-22 15:41:34+00:00,790.0,0.01,0.01,0.02,0.0,0.0,1.0,401,0.30274134765625,call,2025-02-21,0.015,0.01503111289850215
SPY250221C00795000,2025-01-22 20:53:56+00:00,795.0,0.01,0.0,0.01,0.0,0.0,25.0,2700,0.2929758203124999,call,2025-02-21,0.005,0.01617265956290139
SPY250221C00800000,2025-01-22 20:53:56+00:00,800.0,0.01,0.0,0.01,0.0,0.0,25.0,653,0.2968820312499999,call,2025-02-21,0.005,0.018015342879364096
SPY250221P00300000,2025-01-22 20:55:57+00:00,300.0,0.04,0.02,0.03,0.0,0.0,1613.0,7804,0.789064609375,put,2025-02-21,0.025,0.0205088724522026
SPY250221P00305000,2025-01-23 15:21:08+00:00,305.0,0.03,0.02,0.03,0.0,0.0,12.0,9680,0.773439765625,put,2025-02-21,0.025,0.023478291425813723
SPY250221P00310000,2025-01-23 16:25:53+00:00,310.0,0.03,0.02,0.03,0.0,0.0,64.0,8242,0.7578149218750001,put,2025-02-21,0.025,0.026690457889775834
SPY250221P00315000,2025-01-22 20:53:56+00:00,315.0,0.04,0.03,0.04,0.0,0.0,811.0,6374,0.7617211328125001,put,2025-02-21,0.035,0.02994115302804241
SPY250221P00320000,2025-01-22 20:53:56+00:00,320.0,0.04,0.03,0.04,0.0,0.0,155.0,849,0.7421900781249999,put,2025-02-21,0.035,0.03311437578775821
SPY250221P00325000,2025-01-23 15:52:16+00:00,325.0,0.03,0.03,0.04,-0.01,-25.0,2.0,8148,0.726565234375,put,2025-02-21,0.035,0.03619106918751418
SPY250221P00330000,2025-01-23 16:26:49+00:00,330.0,0.03,0.03,0.04,-0.020000001,-40.000004,23.0,3116,0.710940390625,put,2025-02-21,0.035,0.03921731507793871
SPY250221P00335000,2025-01-23 15:52:16+00:00,335.0,0.04,0.04,0.05,-0.010000002,-20.000002,2.0,3366,0.70898728515625,put,2025-02-21,0.045,0.0422568617554123
SPY250221P00340000,2025-01-23 15:30:28+00:00,340.0,0.04,0.04,0.05,-0.010000002,-20.000002,1.0,882,0.6914093359375001,put,2025-02-21,0.045,0.0453573075103421
SPY250221P00345000,2025-01-23 15:29:16+00:00,345.0,0.05,0.04,0.05,-0.009999998,-16.666662,1.0,24722,0.6757844921875001,put,2025-02-21,0.045,0.04853856359341172
SPY250221P00350000,2025-01-23 16:26:14+00:00,350.0,0.05,0.05,0.06,-0.009999998,-16.666662,5.0,1701,0.6718782812500002,put,2025-02-21,0.055,0.05180283380028626
SPY250221P00355000,2025-01-23 15:30:01+00:00,355.0,0.05,0.05,0.06,-0.02,-28.571428,1.0,703,0.6562534375000001,put,2025-02-21,0.055,0.05515055976012668
SPY250221P00360000,2025-01-22 20:53:56+00:00,360.0,0.07,0.05,0.06,0.0,0.0,160.0,880,0.64062859375,put,2025-02-21,0.055,0.05859606864316273
SPY250221P00365000,2025-01-22 20:53:56+00:00,365.0,0.07,0.06,0.07,0.0,0.0,133.0,2064,0.6347692773437501,put,2025-02-21,0.065,0.062174593269239506
SPY250221P00370000,2025-01-22 20:53:56+00:00,370.0,0.08,0.06,0.07,0.0,0.0,116.0,533,0.6191444335937502,put,2025-02-21,0.065,0.06594198634448024
SPY250221P00375000,2025-01-22 20:53:56+00:00,375.0,0.08,0.06,0.07,0.0,0.0,144.0,9379,0.6035195898437502,put,2025-02-21,0.065,0.06996645663361592
SPY250221P00380000,2025-01-22 20:53:56+00:00,380.0,0.09,0.07,0.08,0.0,0.0,165.0,12216,0.59570716796875,put,2025-02-21,0.07500000000000001,0.07431871080333352
SPY250221P00385000,2025-01-22 20:53:56+00:00,385.0,0.1,0.07,0.08,0.0,0.0,89.0,1015,0.5800823242187501,put,2025-02-21,0.07500000000000001,0.07906355043592074
SPY250221P00390000,2025-01-22 20:53:56+00:00,390.0,0.09,0.08,0.09,-0.009999998,-9.999997,1.0,1190,0.5722699023437501,put,2025-02-21,0.08499999999999999,0.08424837818310763
SPY250221P00395000,2025-01-23 15:58:53+00:00,395.0,0.09,0.08,0.09,-0.009999998,-9.999997,76.0,1173,0.5566450585937501,put,2025-02-21,0.08499999999999999,0.08989331595274645
SPY250221P00400000,2025-01-23 16:55:15+00:00,400.0,0.1,0.09,0.1,-0.019999996,-16.666662,133.0,89260,0.5488326367187502,put,2025-02-21,0.095,0.09597850336071005
SPY250221P00405000,2025-01-23 15:52:28+00:00,405.0,0.1,0.09,0.1,-0.019999996,-16.666662,8.0,895,0.53320779296875,put,2025-02-21,0.095,0.10243911176495794
SPY250221P00410000,2025-01-22 20:53:56+00:00,410.0,0.12,0.11,0.12,-0.009999998,-7.692306,10.0,78358,0.5293015820312501,put,2025-02-21,0.11499999999999999,0.10917545928290896
SPY250221P00415000,2025-01-23 14:38:09+00:00,415.0,0.13,0.11,0.12,-0.010000005,-7.1428604,1.0,10494,0.514653291015625,put,2025-02-21,0.11499999999999999,0.1160824798666858
SPY250221P00420000,2025-01-23 15:24:04+00:00,420.0,0.12,0.12,0.13,-0.030000009,-20.000006,11.0,77199,0.5039112109375,put,2025-02-21,0.125,0.12308688658381747
SPY250221P00425000,2025-01-22 20:53:55+00:00,425.0,0.15,0.13,0.13,0.0,0.0,145.0,791,0.4917043017578125,put,2025-02-21,0.13,0.13017225853767983
SPY250221P00430000,2025-01-23 15:15:19+00:00,430.0,0.15,0.13,0.14,-0.00999999,-6.2499943,41.0,2891,0.481450498046875,put,2025-02-21,0.135,0.13737926096145459
SPY250221P00435000,2025-01-22 20:53:56+00:00,435.0,0.17,0.14,0.15,0.0,0.0,138.0,1119,0.4702201416015625,put,2025-02-21,0.14500000000000002,0.14478504908113876
SPY250221P00440000,2025-01-22 20:53:56+00:00,440.0,0.15,0.14,0.15,-0.030000001,-16.666666,1.0,5436,0.4555718505859375,put,2025-02-21,0.14500000000000002,0.15247356845755444
SPY250221P00445000,2025-01-22 20:53:56+00:00,445.0,0.16,0.16,0.17,-0.030000001,-15.789474,2.0,1735,0.4477594287109374,put,2025-02-21,0.165,0.16051823406170218
SPY250221P00450000,2025-01-23 16:25:21+00:00,450.0,0.16,0.16,0.17,-0.040000007,-20.000002,44.0,156675,0.4331111376953125,put,2025-02-21,0.165,0.16898056449330928
SPY250221P00455000,2025-01-22 20:53:56+00:00,455.0,0.21,0.17,0.18,0.0,0.0,103.0,1806,0.42188078125,put,2025-02-21,0.175,0.17792083393716807
SPY250221P00460000,2025-01-23 15:26:10+00:00,460.0,0.19,0.18,0.19,-0.040000007,-17.391306,2.0,152852,0.4101621484375,put,2025-02-21,0.185,0.18741012818826427
SPY250221P00465000,2025-01-23 14:44:18+00:00,465.0,0.21,0.19,0.2,-0.030000001,-12.5,11.0,2555,0.398443515625,put,2025-02-21,0.195,0.19753379138859145
SPY250221P00470000,2025-01-22 20:53:56+00:00,470.0,0.25,0.2,0.21,0.0,0.0,216.0,151713,0.3867248828124999,put,2025-02-21,0.20500000000000002,0.20838443853266453
SPY250221P00475000,2025-01-23 16:22:59+00:00,475.0,0.22,0.21,0.22,-0.03999999,-15.384612,11.0,2371,0.3747621118164062,put,2025-02-21,0.215,0.2200463491085321
SPY250221P00480000,2025-01-23 16:18:05+00:00,480.0,0.23,0.22,0.23,-0.049999997,-17.857141,2045.0,20696,0.3627993408203125,put,2025-02-21,0.225,0.2325796639177522
SPY250221P00485000,2025-01-23 16:01:21+00:00,485.0,0.25,0.24,0.25,-0.03999999,-13.7931,1.0,2024,0.352545537109375,put,2025-02-21,0.245,0.2460086129369997
SPY250221P00490000,2025-01-23 16:10:20+00:00,490.0,0.25,0.25,0.26,-0.060000002,-19.35484,59.0,4487,0.3400944897460937,put,2025-02-21,0.255,0.2603181396024555
SPY250221P00495000,2025-01-23 15:54:50+00:00,495.0,0.27,0.27,0.28,-0.049999982,-15.624994,12.0,5869,0.3293524096679687,put,2025-02-21,0.275,0.27544694828243055
SPY250221P00500000,2025-01-23 16:55:15+00:00,500.0,0.28,0.28,0.29,-0.06999999,-18.918917,2460.0,98763,0.3169013623046874,put,2025-02-21,0.28500000000000003,0.29126698427479003
SPY250221P00505000,2025-01-23 16:53:11+00:00,505.0,0.31,0.3,0.31,-0.050000012,-14.285716,14.0,14973,0.305671005859375,put,2025-02-21,0.305,0.3075499223214706
SPY250221P00510000,2025-01-23 16:34:14+00:00,510.0,0.33,0.32,0.32,-0.059999973,-15.384608,38.0,92392,0.2927316821289061,put,2025-02-21,0.32,0.3239395746657803
SPY250221P00515000,2025-01-23 16:43:02+00:00,515.0,0.34,0.34,0.35,-0.060000002,-15.0,15.0,9531,0.2824778784179687,put,2025-02-21,0.345,0.33996452605271693
SPY250221P00520000,2025-01-23 16:36:06+00:00,520.0,0.36,0.36,0.37,-0.06999999,-16.279068,47.0,119542,0.270515107421875,put,2025-02-21,0.365,0.35510801798958047
SPY250221P00525000,2025-01-23 15:58:58+00:00,525.0,0.4,0.38,0.39,-0.060000002,-13.043478,1.0,55965,0.2583081982421875,put,2025-02-21,0.385,0.36892239745435157
SPY250221P00526000,2025-01-22 20:21:53+00:00,526.0,0.45,0.38,0.4,0.0,0.0,19.0,2183,0.2564771618652344,put,2025-02-21,0.39,0.3811415619030173
SPY250221P00527000,2025-01-22 20:53:56+00:00,527.0,0.47,0.4,0.4,0.0,0.0,22.0,1097,0.2536695727539063,put,2025-02-21,0.4,0.3917393248746046
SPY250221P00528000,2025-01-22 20:53:56+00:00,528.0,0.48,0.4,0.41,0.0,0.0,15.0,1626,0.2517164672851562,put,2025-02-21,0.405,0.40090962790748047
SPY250221P00529000,2025-01-23 16:45:16+00:00,529.0,0.41,0.41,0.41,-0.06999999,-14.583332,12.0,1317,0.2487868090820312,put,2025-02-21,0.41,0.40898591364296005
SPY250221P00530000,2025-01-23 16:44:26+00:00,530.0,0.42,0.41,0.42,-0.060000002,-12.5,32.0,16656,0.2469557727050781,put,2025-02-21,0.415,0.41633946634528096
SPY250221P00531000,2025-01-22 20:53:56+00:00,531.0,0.5,0.42,0.43,0.0,0.0,30.0,791,0.2450026672363281,put,2025-02-21,0.425,0.4233033137300996
SPY250221P00532000,2025-01-23 15:11:03+00:00,532.0,0.46,0.43,0.43,-0.049999982,-9.803918,2.0,1736,0.242195078125,put,2025-02-21,0.43,0.4301364395821338
SPY250221P00533000,2025-01-23 16:20:39+00:00,533.0,0.45,0.43,0.44,-0.050000012,-10.000002,3.0,996,0.2401199035644531,put,2025-02-21,0.435,0.4370240138792571
SPY250221P00534000,2025-01-23 16:23:31+00:00,534.0,0.44,0.44,0.45,-0.07999998,-15.384612,33.0,865,0.2380447290039062,put,2025-02-21,0.445,0.4440897784680049
SPY250221P00535000,2025-01-23 16:54:21+00:00,535.0,0.45,0.44,0.45,-0.07999998,-15.0943365,31.0,9987,0.2352371398925781,put,2025-02-21,0.445,0.4514091958520892
SPY250221P00536000,2025-01-23 16:02:07+00:00,536.0,0.46,0.45,0.47,-0.08000001,-14.8148155,13.0,778,0.2340164489746093,put,2025-02-21,0.45999999999999996,0.45901534104188835
SPY250221P00537000,2025-01-23 15:31:55+00:00,537.0,0.5,0.46,0.47,-0.050000012,-9.090911,4.0,2384,0.2310867907714844,put,2025-02-21,0.46499999999999997,0.46690719374510625
SPY250221P00538000,2025-01-22 20:53:56+00:00,538.0,0.53,0.47,0.48,-0.030000031,-5.357148,1.0,1572,0.2290116162109375,put,2025-02-21,0.475,0.4750651260430886
SPY250221P00539000,2025-01-22 20:53:56+00:00,539.0,0.57,0.48,0.49,0.0,0.0,23.0,1549,0.2269364416503906,put,2025-02-21,0.485,0.4834707784642111
SPY250221P00540000,2025-01-23 16:51:30+00:00,540.0,0.49,0.48,0.49,-0.099999964,-16.949146,495.0,23130,0.2240067834472655,put,2025-02-21,0.485,0.492127958422537
SPY250221P00541000,2025-01-23 15:04:58+00:00,541.0,0.54,0.5,0.51,-0.049999952,-8.474568,1.0,1016,0.2226640234374999,put,2025-02-21,0.505,0.5010785669225835
SPY250221P00542000,2025-01-22 20:53:56+00:00,542.0,0.57,0.51,0.51,-0.030000031,-5.000005,4.0,3068,0.2196122961425781,put,2025-02-21,0.51,0.5104073170686825
SPY250221P00543000,2025-01-23 16:45:17+00:00,543.0,0.51,0.51,0.52,-0.100000024,-16.393446,238.0,2018,0.2174150524902343,put,2025-02-21,0.515,0.520228937976149
SPY250221P00544000,2025-01-23 16:27:46+00:00,544.0,0.54,0.52,0.53,-0.07999998,-12.903223,11.0,1486,0.2152178088378906,put,2025-02-21,0.525,0.5306592680589757
SPY250221P00545000,2025-01-23 16:44:49+00:00,545.0,0.53,0.53,0.55,-0.09000003,-14.516135,464.0,14638,0.2137529797363281,put,2025-02-21,0.54,0.541781624687492
SPY250221P00546000,2025-01-23 14:45:25+00:00,546.0,0.57,0.54,0.55,-0.07999998,-12.30769,3.0,2276,0.2107012524414062,put,2025-02-21,0.545,0.553622249450776
SPY250221P00547000,2025-01-23 16:03:21+00:00,547.0,0.56,0.56,0.57,-0.100000024,-15.151518,35.0,1219,0.2091143542480468,put,2025-02-21,0.565,0.5661559595520174
SPY250221P00548000,2025-01-23 15:44:21+00:00,548.0,0.59,0.58,0.59,-0.09000003,-13.2353,180.0,18318,0.2075274560546874,put,2025-02-21,0.585,0.5793377913498088
SPY250221P00549000,2025-01-23 15:36:31+00:00,549.0,0.59,0.58,0.59,-0.100000024,-14.492757,235.0,1316,0.2044757287597655,put,2025-02-21,0.585,0.5931387060466717
SPY250221P00550000,2025-01-23 16:45:19+00:00,550.0,0.6,0.6,0.61,-0.099999964,-14.285709,11178.0,91013,0.2027667614746093,put,2025-02-21,0.605,0.6075670703546903
SPY250221P00551000,2025-01-23 14:45:25+00:00,551.0,0.66,0.61,0.63,-0.06999999,-9.58904,1.0,22898,0.2009357250976562,put,2025-02-21,0.62,0.6226572026860697
SPY250221P00552000,2025-01-23 16:49:10+00:00,552.0,0.62,0.63,0.64,-0.100000024,-13.888891,27.0,28350,0.1984943432617187,put,2025-02-21,0.635,0.6384466759150434
SPY250221P00553000,2025-01-23 15:51:09+00:00,553.0,0.66,0.64,0.65,-0.099999964,-13.15789,3.0,9838,0.1960529614257812,put,2025-02-21,0.645,0.6549599596436483
SPY250221P00554000,2025-01-23 16:51:13+00:00,554.0,0.66,0.67,0.68,-0.119999945,-15.384608,51.0,22128,0.1947102014160156,put,2025-02-21,0.675,0.6722143068825914
SPY250221P00555000,2025-01-23 16:53:09+00:00,555.0,0.69,0.69,0.7,-0.089999974,-11.688309,176.0,21816,0.1927570959472656,put,2025-02-21,0.695,0.6902456901130687
SPY250221P00556000,2025-01-23 16:36:50+00:00,556.0,0.7,0.69,0.7,-0.100000024,-12.345681,30.0,1492,0.1897053686523437,put,2025-02-21,0.695,0.7091277748057188
SPY250221P00557000,2025-01-23 16:52:42+00:00,557.0,0.73,0.72,0.73,-0.120000005,-14.117646,213.0,33278,0.1882405395507812,put,2025-02-21,0.725,0.7289723558294413
SPY250221P00558000,2025-01-23 16:45:17+00:00,558.0,0.73,0.74,0.75,-0.13999999,-16.091951,4.0,40404,0.1861653649902343,put,2025-02-21,0.745,0.7499126943553412
SPY250221P00559000,2025-01-23 15:49:55+00:00,559.0,0.77,0.76,0.77,-0.120000005,-13.483147,43.0,27188,0.1840901904296875,put,2025-02-21,0.765,0.7720821602057293
SPY250221P00560000,2025-01-23 16:54:30+00:00,560.0,0.79,0.79,0.8,-0.109999955,-12.359547,192.0,35395,0.1823812231445312,put,2025-02-21,0.795,0.795601966617085
SPY250221P00561000,2025-01-23 16:44:46+00:00,561.0,0.81,0.8,0.81,-0.13999999,-14.73684,61.0,24249,0.179695703125,put,2025-02-21,0.805,0.8205786754367606
SPY250221P00562000,2025-01-23 16:53:07+00:00,562.0,0.84,0.84,0.85,-0.14000005,-14.432994,30.0,25882,0.1784139776611328,put,2025-02-21,0.845,0.8471005679871284
SPY250221P00563000,2025-01-23 16:45:26+00:00,563.0,0.85,0.86,0.87,-0.14999998,-14.999998,145.0,3458,0.1760946649169922,put,2025-02-21,0.865,0.875235989156579
SPY250221P00564000,2025-01-22 20:56:15+00:00,564.0,0.92,0.89,0.9,-0.089999974,-8.910889,11.0,2438,0.1742025939941406,put,2025-02-21,0.895,0.9050385524225475
SPY250221P00565000,2025-01-23 16:53:07+00:00,565.0,0.93,0.93,0.94,-0.12999994,-12.264145,736.0,47705,0.1727377648925781,put,2025-02-21,0.935,0.9365614504016282
SPY250221P00566000,2025-01-23 16:52:44+00:00,566.0,0.97,0.95,0.97,-0.120000005,-11.009174,7.0,2557,0.1706625903320313,put,2025-02-21,0.96,0.9698778280231053
SPY250221P00567000,2025-01-23 15:58:38+00:00,567.0,1.01,0.99,1.0,-0.120000005,-10.619469,4.0,8467,0.1685874157714844,put,2025-02-21,0.995,1.0050919503447502
SPY250221P00568000,2025-01-23 16:25:41+00:00,568.0,1.04,1.03,1.04,-0.1500001,-12.605049,42.0,26078,0.1668784484863281,put,2025-02-21,1.0350000000000001,1.0423320536367016
SPY250221P00569000,2025-01-23 16:52:44+00:00,569.0,1.08,1.06,1.07,-0.15999997,-12.903223,96.0,2496,0.1646812048339843,put,2025-02-21,1.065,1.0817352201069792
SPY250221P00570000,2025-01-23 16:52:25+00:00,570.0,1.13,1.11,1.12,-0.13,-10.31746,15984.0,90135,0.1631553411865234,put,2025-02-21,1.1150000000000002,1.1234360968659156
SPY250221P00571000,2025-01-23 15:56:30+00:00,571.0,1.18,1.15,1.17,-0.120000005,-9.230769,19.0,3133,0.161568442993164,put,2025-02-21,1.16,1.1675796897232704
SPY250221P00572000,2025-01-23 16:34:22+00:00,572.0,1.2,1.19,1.21,-0.17999995,-13.043474,1012.0,14441,0.1594932684326171,put,2025-02-21,1.2,1.2143435298374532
SPY250221P00573000,2025-01-23 16:20:39+00:00,573.0,1.22,1.25,1.26,-0.19999993,-14.084502,87.0,3243,0.1577232666015625,put,2025-02-21,1.255,1.2639552823807392
SPY250221P00574000,2025-01-23 16:53:11+00:00,574.0,1.31,1.29,1.3,-0.16000009,-10.884358,75.0,2687,0.1555260229492187,put,2025-02-21,1.295,1.3166900234509413
SPY250221P00575000,2025-01-23 16:38:48+00:00,575.0,1.37,1.35,1.36,-0.13999999,-9.271522,962.0,55749,0.1539391247558593,put,2025-02-21,1.355,1.3728369405235088
SPY250221P00576000,2025-01-23 16:35:32+00:00,576.0,1.42,1.42,1.42,-0.20000005,-12.345681,29.0,4211,0.1522301574707031,put,2025-02-21,1.42,1.4326580349075593
SPY250221P00577000,2025-01-23 16:28:51+00:00,577.0,1.47,1.47,1.48,-0.22000003,-13.017754,18.0,4081,0.15039912109375,put,2025-02-21,1.475,1.496356744076927
SPY250221P00578000,2025-01-23 16:48:22+00:00,578.0,1.53,1.53,1.54,-0.19000006,-11.0465145,150.0,5945,0.1485070501708984,put,2025-02-21,1.5350000000000001,1.5640803830818548
SPY250221P00579000,2025-01-23 16:35:15+00:00,579.0,1.62,1.62,1.64,-0.16999996,-9.497205,23.0,2728,0.1475915319824219,put,2025-02-21,1.63,1.6359580929040205
SPY250221P00580000,2025-01-23 16:48:56+00:00,580.0,1.66,1.69,1.7,-0.26,-13.541667,2561.0,75026,0.1454553228759765,put,2025-02-21,1.6949999999999998,1.7121468172153986
SPY250221P00581000,2025-01-23 16:33:08+00:00,581.0,1.76,1.77,1.78,-0.24000001,-12.0,25.0,4623,0.1438073901367187,put,2025-02-21,1.775,1.7928654296877222
SPY250221P00582000,2025-01-23 16:55:02+00:00,582.0,1.85,1.83,1.85,-0.19999993,-10.050248,27.0,5133,0.1417322155761718,put,2025-02-21,1.84,1.878398932942265
SPY250221P00583000,2025-01-23 16:53:09+00:00,583.0,1.95,1.93,1.95,-0.25,-11.363636,63.0,3167,0.1403284210205078,put,2025-02-21,1.94,1.9690797195646355
SPY250221P00584000,2025-01-23 16:52:42+00:00,584.0,2.05,2.05,2.07,-0.25,-10.869565,556.0,5470,0.1392297991943359,put,2025-02-21,2.0599999999999996,2.065289424272608
SPY250221P00585000,2025-01-23 16:54:08+00:00,585.0,2.14,2.13,2.15,-0.26999998,-11.440678,711.0,42811,0.1370630728149414,put,2025-02-21,2.1399999999999997,2.167465190594413
SPY250221P00586000,2025-01-23 16:54:37+00:00,586.0,2.24,2.23,2.24,-0.28999996,-11.599998,170.0,2940,0.1350184155273437,put,2025-02-21,2.2350000000000003,2.2760925104376795
SPY250221P00587000,2025-01-23 16:53:07+00:00,587.0,2.37,2.34,2.36,-0.2900002,-10.902263,216.0,4996,0.1334925518798828,put,2025-02-21,2.3499999999999996,2.391676213329859
SPY250221P00588000,2025-01-23 16:22:54+00:00,588.0,2.53,2.47,2.49,-0.26,-9.318996,159.0,9070,0.1320277227783203,put,2025-02-21,2.4800000000000004,2.5146927456243775
SPY250221P00589000,2025-01-23 16:50:15+00:00,589.0,2.55,2.61,2.63,-0.3800001,-12.969287,70.0,2286,0.1306239282226562,put,2025-02-21,2.62,2.6455753245826528
SPY250221P00590000,2025-01-23 16:54:31+00:00,590.0,2.74,2.73,2.75,-0.31999993,-10.42345,7490.0,39352,0.1286708227539062,put,2025-02-21,2.74,2.784734494185479
SPY250221P00591000,2025-01-23 16:52:30+00:00,591.0,2.93,2.89,2.91,-0.24000001,-7.5709777,46.0,3619,0.1273280627441406,put,2025-02-21,2.9000000000000004,2.932600363286654
SPY250221P00592000,2025-01-23 16:52:16+00:00,592.0,3.09,3.03,3.05,-0.25,-7.48503,117.0,3963,0.125435991821289,put,2025-02-21,3.04,3.0896442025030124
SPY250221P00593000,2025-01-23 16:51:11+00:00,593.0,3.2,3.18,3.2,-0.37999988,-10.614522,250.0,5889,0.1235439208984375,put,2025-02-21,3.1900000000000004,3.2563799008005354
SPY250221P00594000,2025-01-23 16:50:17+00:00,594.0,3.3,3.41,3.43,-0.47000003,-12.466845,103.0,3329,0.1229335754394531,put,2025-02-21,3.42,3.4333619317813193
SPY250221P00595000,2025-01-23 16:54:08+00:00,595.0,3.56,3.55,3.57,-0.4100001,-10.327457,5454.0,33662,0.1204921936035156,put,2025-02-21,3.5599999999999996,3.621207019089973
SPY250221P00596000,2025-01-23 16:54:08+00:00,596.0,3.76,3.74,3.76,-0.37999988,-9.429278,122.0,3109,0.1187832263183593,put,2025-02-21,3.75,3.820617977198907
SPY250221P00597000,2025-01-23 16:45:58+00:00,597.0,3.85,3.98,4.01,-0.48000002,-11.08545,121.0,3234,0.1178677081298828,put,2025-02-21,3.995,4.032392908747706
SPY250221P00598000,2025-01-23 16:47:16+00:00,598.0,4.17,4.17,4.2,-0.5,-10.706638,566.0,2663,0.1157314990234375,put,2025-02-21,4.1850000000000005,4.257397524186322
SPY250221P00599000,2025-01-23 16:46:50+00:00,599.0,4.38,4.41,4.44,-0.50999975,-10.429443,383.0,4780,0.1141751181030273,put,2025-02-21,4.425000000000001,4.496510912016692
SPY250221P00600000,2025-01-23 16:54:30+00:00,600.0,4.67,4.66,4.68,-0.5,-9.67118,5317.0,34231,0.1124051162719726,put,2025-02-21,4.67,4.750599145467752
SPY250221P00601000,2025-01-23 16:52:39+00:00,601.0,5.0,4.95,4.98,-0.3699999,-6.890128,143.0,1710,0.1113370117187499,put,2025-02-21,4.965,5.02052260878297
SPY250221P00602000,2025-01-23 16:53:36+00:00,602.0,5.23,5.21,5.24,-0.4699998,-8.24561,152.0,3163,0.10938390625,put,2025-02-21,5.225,5.307182213140003
SPY250221P00603000,2025-01-23 16:45:10+00:00,603.0,5.45,5.51,5.54,-0.6300001,-10.361844,243.0,1438,0.1077664907836914,put,2025-02-21,5.525,5.611570534798251
SPY250221P00604000,2025-01-23 16:52:43+00:00,604.0,5.91,5.83,5.86,-0.5500002,-8.513935,121.0,1125,0.1062101098632812,put,2025-02-21,5.845000000000001,5.934781541730666
SPY250221P00605000,2025-01-23 16:54:30+00:00,605.0,6.18,6.17,6.2,-0.61000013,-8.983802,2076.0,31257,0.104653728942871,put,2025-02-21,6.1850000000000005,6.277966155150771
SPY250221P00606000,2025-01-23 16:54:43+00:00,606.0,6.55,6.52,6.55,-0.63999987,-9.014083,1241.0,1472,0.1029447616577148,put,2025-02-21,6.535,6.642250202480085
SPY250221P00607000,2025-01-23 16:53:18+00:00,607.0,6.97,6.92,6.94,-0.6300001,-8.289475,630.0,1872,0.1014799325561523,put,2025-02-21,6.93,7.0286224585426424
SPY250221P00608000,2025-01-23 16:49:59+00:00,608.0,7.21,7.31,7.33,-0.75999975,-9.535756,215.0,3996,0.0997404479980468,put,2025-02-21,7.32,7.437891791020013
SPY250221P00609000,2025-01-23 16:08:21+00:00,609.0,7.91,7.74,7.76,-0.52999973,-6.279618,121.0,763,0.0982145843505859,put,2025-02-21,7.75,7.870667843609608
SPY250221P00610000,2025-01-23 16:52:43+00:00,610.0,8.3,8.24,8.27,-0.65999985,-7.36607,925.0,15105,0.0975126870727539,put,2025-02-21,8.254999999999999,8.327410840013656
SPY250221P00611000,2025-01-23 16:45:29+00:00,611.0,8.45,8.67,8.7,-0.64000034,-7.040707,315.0,522,0.0952544088745117,put,2025-02-21,8.684999999999999,8.808478160328624
SPY250221P00612000,2025-01-23 15:38:04+00:00,612.0,9.0,9.07,9.3,-0.8000002,-8.163267,15.0,714,0.095162857055664,put,2025-02-21,9.185,9.314120851010475
SPY250221P00613000,2025-01-22 20:59:50+00:00,613.0,10.42,9.55,9.91,0.0,0.0,27.0,592,0.0948576843261718,put,2025-02-21,9.73,9.844467397109153
SPY250221P00614000,2025-01-23 16:46:40+00:00,614.0,9.63,10.1,10.48,-0.80999947,-7.758616,6.0,993,0.0935759588623047,put,2025-02-21,10.29,10.399669252439327
SPY250221P00615000,2025-01-23 16:45:22+00:00,615.0,10.6,10.71,11.07,-1.1700001,-9.940527,102.0,2567,0.0922026815795898,put,2025-02-21,10.89,10.98029146976624
SPY250221P00616000,2025-01-23 15:16:43+00:00,616.0,11.35,11.24,11.73,-3.0199995,-21.016,3.0,8,0.0915007843017578,put,2025-02-21,11.485,11.58796428689121
SPY250221P00617000,2025-01-23 15:13:08+00:00,617.0,13.09,11.66,12.41,0.13000011,1.0030873,6.0,10,0.0907683697509765,put,2025-02-21,12.035,12.227645631881169
SPY250221P00618000,2025-01-22 16:23:38+00:00,618.0,13.35,12.59,13.08,0.0,0.0,2.0,4,0.0894256097412109,put,2025-02-21,12.835,12.91167505144809
SPY250221P00619000,2025-01-22 20:44:26+00:00,619.0,13.98,13.03,13.75,0.0,0.0,2.0,5,0.0875945733642578,put,2025-02-21,13.39,13.66657908544492
SPY250221P00620000,2025-01-23 16:32:34+00:00,620.0,14.17,13.85,14.44,-1.1300001,-7.385622,110.0,5064,0.0855193988037109,put,2025-02-21,14.145,14.542605441002875
SPY250221P00621000,2025-01-23 16:01:01+00:00,621.0,15.18,14.52,15.18,-8.699999,-36.432156,2.0,2,0.0839019833374023,put,2025-02-21,14.85,15.622897815735426
SPY250221P00622000,2025-01-17 21:06:47+00:00,622.0,24.84,15.18,15.97,0.0,0.0,104.0,52,0.0828338787841797,put,2025-02-21,15.575,17.025268939942716
SPY250221P00623000,2025-01-23 16:32:09+00:00,623.0,16.39,15.96,16.88,-1.0799999,-6.182026,3.0,16,0.0841766387939453,put,2025-02-21,16.42,18.893224322143645
SPY250221P00624000,2025-01-22 20:38:37+00:00,624.0,17.75,16.72,17.69,0.0,0.0,19.0,19,0.0826507751464843,put,2025-02-21,17.205,21.37459754747071
SPY250221P00625000,2025-01-22 19:34:43+00:00,625.0,18.55,17.8,18.46,0.0,0.0,11.0,44,0.0791718060302734,put,2025-02-21,18.130000000000003,24.59316151342992
SPY250221P00630000,2025-01-23 15:00:36+00:00,630.0,23.8,22.35,23.0,0.19999886,0.84745276,14.0,114,0.0737397314453125,put,2025-02-21,22.675,28.635538650006325
SPY250221P00640000,2025-01-22 15:50:24+00:00,640.0,33.1,32.12,32.95,0.0,0.0,5.0,4,0.0942473388671875,put,2025-02-21,32.535,33.565742492091
SPY250221P00645000,2025-01-14 20:53:31+00:00,645.0,63.57,37.07,38.1,0.0,0.0,1.0,0,0.1180508117675781,put,2025-02-21,37.585,39.46526894380091
SPY250221P00650000,2025-01-22 17:04:01+00:00,650.0,43.75,42.14,42.94,1.3199997,3.1110055,1.0,75,0.1159756372070312,put,2025-02-21,42.54,46.47545590496667
SPY250221P00655000,2025-01-21 14:30:00+00:00,655.0,52.36,47.1,49.13,0.0,0.0,1.0,0,0.1921467504882812,put,2025-02-21,48.115,54.80046383310702
SPY250221P00660000,2025-01-21 20:19:20+00:00,660.0,57.58,51.11,53.21,0.0,0.0,1.0,0,0.1619956848144531,put,2025-02-21,52.16,64.64325324612128
SPY250221P00670000,2025-01-22 20:35:57+00:00,670.0,62.7,62.01,63.26,0.0,0.0,2.0,3,0.1890950231933593,put,2025-02-21,62.635,76.0628214717981
SPY250221P00695000,2025-01-21 20:06:48+00:00,695.0,92.76,86.03,89.17,0.0,0.0,2.0,1,0.299689620361328,put,2025-02-21,87.6,88.77457690588463
SPY250221P00700000,2025-01-22 20:35:57+00:00,700.0,92.7,91.1,94.12,0.0,0.0,1.0,1,0.3095161822509765,put,2025-02-21,92.61,101.96891296948795
SPY250221P00705000,2025-01-22 20:35:57+00:00,705.0,97.72,96.02,98.23,0.0,0.0,1.0,0,0.2634351000976562,put,2025-02-21,97.125,114.265528501902
SPY250221P00750000,2024-12-19 18:15:37+00:00,750.0,162.5,152.08,153.32,0.0,0.0,2.0,0,0.6942169250488281,put,2025-02-21,152.7,123.91404589440815
SPY250221P00800000,2024-12-27 20:26:24+00:00,800.0,204.95,191.1,194.15,0.0,0.0,314.0,0,0.5241746801757812,put,2025-02-21,192.625,129.25012429662436
